userId,courseId,proportionWatched
1,1,0.15
3,1,0.64
4,1,1
6,1,0.22
7,1,0.11
9,1,0.26
11,1,0.13
12,1,1
15,1,1
16,1,0.19
20,1,0.11
22,1,0.99
23,1,0.88
25,1,0.03
26,1,0.7
28,1,0.46
32,1,0.17
33,1,1
34,1,0.11
36,1,1
37,1,0.46
39,1,0.01
40,1,0.8
41,1,1
43,1,1
45,1,0.34
46,1,0.16
48,1,0.71
50,1,1
51,1,0.55
53,1,1
54,1,0.12
55,1,0.14
56,1,0.06
57,1,0.47
59,1,0.47
60,1,1
61,1,0.04
62,1,0.5
63,1,1
64,1,1
66,1,0.73
67,1,0.05
68,1,0.26
69,1,0.94
71,1,1
73,1,0.02
74,1,0.11
75,1,0.59
77,1,0.85
78,1,0.3
79,1,1
80,1,1
81,1,0.06
82,1,0.6
83,1,1
84,1,0.8
85,1,0.17
87,1,0.09
88,1,0.26
89,1,1
90,1,0.04
94,1,1
95,1,0.59
96,1,0.4
98,1,0.21
99,1,0.4
100,1,0.87
101,1,0.29
104,1,0.31
106,1,0.86
107,1,0.12
108,1,0.16
109,1,1
111,1,0.95
112,1,0.55
113,1,0.06
115,1,0.59
117,1,0.11
118,1,0.47
119,1,0.64
120,1,0.51
121,1,1
123,1,0.65
126,1,0.06
128,1,1
132,1,0.6
133,1,0.44
134,1,0.52
136,1,1
137,1,0.05
138,1,1
141,1,0.72
142,1,0.54
143,1,0.23
144,1,0.47
145,1,1
147,1,0.05
149,1,1
150,1,1
151,1,1
153,1,0.41
154,1,0.33
155,1,1
156,1,0.9
158,1,0.12
161,1,0.22
164,1,0.46
166,1,1
167,1,0.12
168,1,0.23
170,1,0.5
175,1,1
176,1,0.45
177,1,1
181,1,0.44
185,1,1
186,1,1
187,1,0.41
188,1,0.46
189,1,0.06
192,1,0.07
194,1,1
195,1,0.06
197,1,1
198,1,1
199,1,0.03
200,1,0.11
202,1,1
203,1,0.22
204,1,0.04
207,1,1
208,1,0.34
209,1,0.82
210,1,1
211,1,1
212,1,0.63
215,1,0.47
216,1,0.59
217,1,0.2
218,1,1
219,1,0.19
220,1,1
221,1,0.36
222,1,1
223,1,0.66
224,1,0.44
225,1,0.16
226,1,0.15
227,1,1
229,1,0.05
232,1,0.8
234,1,0.66
236,1,1
237,1,0.22
238,1,0.51
240,1,1
241,1,0.45
243,1,0.32
244,1,0.51
245,1,0.01
246,1,1
247,1,0.08
248,1,0.72
249,1,1
254,1,1
256,1,0.76
257,1,1
258,1,0.16
259,1,0.09
260,1,1
261,1,0.47
263,1,0.19
264,1,0.13
265,1,0.48
266,1,0.18
268,1,1
269,1,0.17
271,1,0.71
274,1,1
277,1,1
280,1,0.17
282,1,0.09
284,1,0.76
286,1,0.64
292,1,0.64
293,1,0.03
294,1,1
295,1,1
296,1,0.01
297,1,0.88
299,1,0.01
302,1,1
303,1,0.9
304,1,0.28
305,1,1
306,1,0.16
308,1,0.21
309,1,0.39
310,1,0.21
311,1,0.83
313,1,1
316,1,0.17
317,1,1
319,1,1
320,1,1
321,1,1
322,1,1
323,1,1
324,1,0.53
325,1,1
326,1,0.32
328,1,0.39
332,1,0.42
333,1,0.19
334,1,0.27
336,1,0.04
338,1,0.1
339,1,0.24
340,1,1
342,1,0.07
344,1,1
345,1,1
346,1,1
347,1,0.74
348,1,0.43
349,1,0.1
350,1,0.88
351,1,0.43
352,1,0.45
353,1,0.38
354,1,0.06
355,1,1
357,1,0.34
360,1,0.13
361,1,0.24
362,1,0.47
364,1,0.54
365,1,0.44
366,1,1
367,1,0.63
371,1,1
373,1,1
374,1,1
375,1,0.25
377,1,0.53
378,1,0.4
380,1,0.26
382,1,1
383,1,0.42
389,1,0.51
390,1,0.13
391,1,0.42
392,1,0.27
394,1,0.49
395,1,0.34
396,1,0.2
397,1,0.57
398,1,1
399,1,1
401,1,0.05
402,1,0.6
403,1,0.36
404,1,0.32
405,1,1
406,1,0.78
407,1,1
408,1,0.37
409,1,0.08
410,1,1
411,1,0.43
412,1,0.29
413,1,0.25
414,1,1
415,1,0.2
416,1,1
417,1,0.84
418,1,0.28
420,1,0.4
421,1,0.3
422,1,0.05
424,1,0.19
426,1,1
429,1,0.85
430,1,1
433,1,0.24
436,1,1
437,1,1
438,1,0.65
439,1,1
442,1,0.04
443,1,1
444,1,0.86
445,1,1
446,1,0.93
447,1,0.03
449,1,0.6
451,1,0.1
453,1,0.33
454,1,0.25
458,1,0.72
459,1,1
460,1,1
464,1,1
466,1,0.89
467,1,0.08
468,1,0.12
469,1,0.85
471,1,0.28
472,1,1
473,1,0.07
474,1,1
475,1,0.77
476,1,0.06
477,1,1
478,1,1
483,1,0.41
484,1,1
485,1,0.4
486,1,0.72
489,1,0.02
490,1,0.24
491,1,0.14
492,1,0.85
494,1,1
495,1,0.04
497,1,0.96
498,1,0.49
501,1,1
505,1,1
506,1,0.09
507,1,0.72
510,1,0.73
511,1,0.07
512,1,0.1
516,1,1
517,1,0.35
519,1,0.1
521,1,0.6
522,1,1
524,1,0.68
526,1,0.53
527,1,0.15
528,1,1
530,1,0.69
531,1,0.01
532,1,0.66
534,1,0.65
535,1,0.66
537,1,0.25
541,1,0.18
542,1,0.05
546,1,0.21
547,1,0.21
548,1,0.36
549,1,0.03
550,1,0.23
551,1,0.35
552,1,1
553,1,0.27
554,1,0.16
555,1,0.17
556,1,0.42
557,1,0.9
558,1,0.25
559,1,0.98
560,1,1
561,1,0.64
563,1,1
564,1,1
565,1,0.39
566,1,0.46
570,1,0.71
572,1,0.9
573,1,0.47
574,1,0.34
575,1,0.91
580,1,0.72
581,1,0.42
582,1,0.44
583,1,1
587,1,0.09
588,1,0.34
592,1,1
593,1,1
594,1,0.18
595,1,1
596,1,0.33
597,1,0.36
598,1,0.15
599,1,0.01
1,2,0.3
2,2,0.59
3,2,0.47
4,2,0.88
5,2,0.44
6,2,0.45
7,2,0.74
9,2,0.48
10,2,1
11,2,0.01
12,2,0.35
13,2,0.48
14,2,0.74
16,2,0.27
17,2,0.33
18,2,0.16
19,2,0.64
20,2,0.32
21,2,0.47
22,2,0.49
23,2,0.1
24,2,0.82
25,2,0.48
27,2,0.17
28,2,0.73
29,2,0.69
30,2,0.23
31,2,0.43
32,2,0.45
33,2,0.03
34,2,0.59
35,2,0.72
36,2,0.55
37,2,0.71
38,2,0.08
39,2,0.6
40,2,0.55
41,2,0.85
42,2,0.71
43,2,0.58
44,2,0.53
46,2,0.03
47,2,0.5
48,2,0.1
49,2,0.59
50,2,0.2
51,2,0.26
53,2,0.88
54,2,0.12
55,2,0.37
56,2,0.13
57,2,0.03
58,2,0.5
59,2,0.22
60,2,0.8
61,2,0.4
62,2,0.05
63,2,0.34
65,2,0.7
66,2,0.62
67,2,0.54
68,2,0.72
69,2,0.07
71,2,0.45
72,2,0.36
73,2,0.68
74,2,0.43
76,2,0.52
77,2,0.03
80,2,0.58
81,2,0.13
82,2,0.17
83,2,0.23
85,2,0.5
86,2,0.66
87,2,0.38
88,2,0.66
89,2,0.37
90,2,0.55
91,2,0.72
92,2,0.09
93,2,0.44
94,2,0.37
95,2,0.39
96,2,0.49
98,2,0.44
99,2,0.22
100,2,0.47
101,2,0.1
102,2,0.8
104,2,0.26
105,2,0.1
107,2,0.28
108,2,0.32
109,2,0.51
110,2,0.75
111,2,0.75
112,2,0.73
113,2,0.56
114,2,0.16
117,2,0.27
118,2,0.21
122,2,0.6
125,2,0.72
126,2,0.35
127,2,0.59
128,2,0.74
129,2,0.27
130,2,0.44
131,2,0.41
132,2,0.44
133,2,0.01
135,2,0.71
136,2,0.56
137,2,0.61
138,2,0.34
139,2,0.19
140,2,0.51
141,2,0.66
142,2,0.73
143,2,0.56
144,2,0.02
145,2,0.04
146,2,0.31
147,2,0.28
149,2,0.87
150,2,0.5
151,2,0.63
152,2,0.36
155,2,0.51
156,2,0.39
157,2,0.55
158,2,0.04
159,2,0.85
160,2,0.37
161,2,0.52
162,2,0.43
163,2,0.33
165,2,0.1
166,2,0.37
167,2,0.59
168,2,0.27
169,2,0.72
170,2,0.36
172,2,0.48
173,2,0.84
174,2,0.02
175,2,0.58
177,2,0.32
178,2,0.4
179,2,0.53
182,2,0.57
183,2,0.21
184,2,0.29
185,2,0.53
186,2,0.57
187,2,0.21
189,2,0.29
190,2,0.6
191,2,0.28
192,2,0.01
193,2,0.05
194,2,0.08
195,2,0.46
196,2,0.48
197,2,0.69
199,2,0.17
200,2,0.29
201,2,0.25
202,2,0.93
203,2,0.11
204,2,0.27
205,2,0.41
206,2,0.62
207,2,0.75
208,2,0.49
209,2,0.3
210,2,0.31
211,2,0.04
212,2,0.58
213,2,0.64
214,2,0.06
215,2,0.36
217,2,0.73
218,2,0.02
219,2,0.64
220,2,0.03
221,2,0.27
222,2,0.9
223,2,0.15
224,2,0.22
225,2,0.25
226,2,0.53
227,2,0.27
228,2,0.11
229,2,0.05
231,2,0.46
232,2,0.04
233,2,0.46
235,2,0.64
236,2,0.59
238,2,0.09
239,2,0.66
240,2,0.89
241,2,0.6
242,2,0.38
243,2,0.23
245,2,0.52
246,2,0.91
248,2,0.49
249,2,0.3
250,2,0.66
251,2,0.95
252,2,0.61
253,2,0.73
254,2,0.65
255,2,0.5
256,2,0.43
257,2,0.45
258,2,1
260,2,0.04
261,2,0.35
262,2,0.38
263,2,0.04
264,2,0.23
265,2,0.1
266,2,0.63
267,2,0.78
268,2,0.22
271,2,0.97
273,2,0.4
274,2,0.1
275,2,0.01
276,2,0.37
277,2,0.49
278,2,0.4
279,2,0.68
281,2,0.89
282,2,0.62
283,2,0.22
285,2,0.37
287,2,0.04
288,2,0.54
289,2,0.18
290,2,0.1
291,2,0.24
293,2,0.62
294,2,0.82
295,2,0.1
297,2,0.03
300,2,0.46
301,2,0.19
302,2,0.7
303,2,0.75
305,2,0.58
306,2,0.23
307,2,0.56
308,2,0.15
309,2,0.23
310,2,0.39
311,2,1
312,2,0.96
313,2,0.52
314,2,0.69
315,2,0.68
317,2,0.83
318,2,0.03
319,2,0.62
320,2,0.01
321,2,0.7
322,2,0.3
323,2,0.98
324,2,0.03
325,2,0.44
327,2,0.43
328,2,0.61
329,2,0.44
330,2,0.53
331,2,0.28
334,2,0.71
335,2,0.59
336,2,0.39
337,2,0.31
338,2,0.74
340,2,0.97
341,2,0.69
342,2,0.77
343,2,0.2
344,2,0.03
345,2,0.72
346,2,0.12
347,2,0.29
348,2,0.73
349,2,0.5
350,2,0.28
351,2,0.06
352,2,0.22
353,2,0.42
354,2,0.73
355,2,0.31
356,2,0.68
357,2,0.16
358,2,0.37
359,2,0.18
360,2,0.13
361,2,0.67
364,2,0.06
365,2,0.29
366,2,0.69
368,2,0.84
369,2,0.17
370,2,0.28
371,2,0.67
372,2,0.44
373,2,0.74
374,2,0.63
375,2,0.55
376,2,0.69
377,2,0.7
379,2,0.35
380,2,0.52
381,2,0.2
382,2,0.69
384,2,0.75
385,2,0.27
386,2,0.44
388,2,0.08
391,2,0.54
392,2,0.94
393,2,0.46
394,2,0.23
396,2,0.29
397,2,0.32
398,2,0.04
399,2,0.4
400,2,0.09
401,2,0.16
402,2,0.07
403,2,0.48
404,2,0.5
405,2,0.38
406,2,0.2
407,2,0.08
409,2,0.25
410,2,0.89
411,2,0.24
412,2,0.08
413,2,0.6
414,2,0.21
415,2,0.04
416,2,0.79
417,2,0.29
419,2,0.2
420,2,0.05
421,2,0.47
423,2,0.7
424,2,0.24
425,2,0.55
427,2,0.72
428,2,0.4
430,2,0.9
431,2,0.74
432,2,0.5
433,2,0.74
434,2,0.95
435,2,0.08
436,2,0.04
437,2,0.66
439,2,0.03
440,2,0.66
441,2,0.72
442,2,0.59
443,2,0.02
444,2,0.71
445,2,0.45
446,2,0.75
447,2,0.16
448,2,0.69
449,2,0.11
450,2,0.76
452,2,0.26
454,2,0.28
455,2,0.74
456,2,0.43
457,2,0.48
458,2,0.55
459,2,0.03
460,2,0.66
461,2,0.44
462,2,0.3
463,2,0.14
464,2,0.64
465,2,0.28
466,2,0.74
467,2,0.29
468,2,0.74
469,2,0.63
471,2,0.74
472,2,0.33
473,2,0.09
474,2,0.53
475,2,0.75
476,2,0.64
477,2,0.1
478,2,0.73
480,2,0.51
481,2,0.18
482,2,0.57
483,2,0.24
485,2,0.06
487,2,0.29
491,2,0.25
492,2,0.81
493,2,0.17
494,2,0.73
495,2,0.19
496,2,0.62
497,2,0.96
499,2,0.26
501,2,0.26
502,2,0.52
503,2,0.74
504,2,0.49
506,2,0.16
507,2,0.28
508,2,0.57
509,2,0.58
511,2,0.06
512,2,0.24
513,2,0.96
514,2,0.25
515,2,0.59
517,2,0.42
518,2,0.31
519,2,0.66
520,2,0.07
522,2,0.22
523,2,0.33
525,2,0.07
527,2,0.3
528,2,0.52
530,2,0.89
531,2,0.23
533,2,0.21
535,2,0.21
536,2,0.39
537,2,0.37
538,2,0.41
539,2,0.6
540,2,0.58
541,2,0.7
542,2,0.65
544,2,0.65
545,2,0.65
546,2,0.51
547,2,0.64
550,2,0.39
551,2,0.56
552,2,0.32
553,2,0.9
554,2,0.67
555,2,0.36
557,2,0.35
558,2,0.76
559,2,0.24
560,2,0.36
563,2,0.47
564,2,0.06
565,2,0.73
566,2,0.2
568,2,0.75
569,2,0.41
570,2,0.24
571,2,0.28
572,2,0.92
574,2,0.16
575,2,0.04
576,2,0.01
577,2,0.09
578,2,0.4
579,2,0.64
580,2,0.06
581,2,0.03
582,2,0.57
583,2,0.56
584,2,0.53
585,2,0.89
586,2,0.16
587,2,0.93
588,2,0.04
589,2,0.22
590,2,0.69
591,2,0.72
592,2,0.36
593,2,0.27
594,2,0.62
595,2,0.52
598,2,0.23
599,2,0.46
600,2,0.15
1,3,0.49
2,3,0.48
3,3,0.42
4,3,0.63
5,3,0.43
6,3,0.44
7,3,0.74
8,3,0.42
9,3,0.99
10,3,0.35
11,3,0.87
12,3,0.36
13,3,0.87
14,3,0.69
16,3,0.46
17,3,0.83
19,3,0.38
20,3,0.8
21,3,0.57
22,3,0.45
24,3,0.43
25,3,0.56
26,3,0.03
27,3,0.33
28,3,0.33
29,3,0.53
30,3,0.74
31,3,0.59
32,3,0.46
33,3,0.33
34,3,0.91
35,3,0.61
36,3,0.52
37,3,0.32
39,3,0.89
40,3,0.75
41,3,0.41
42,3,0.51
44,3,0.65
46,3,0.47
47,3,0.94
48,3,0.6
49,3,0.57
50,3,0.31
52,3,0.47
53,3,0.1
54,3,0.35
55,3,0.4
56,3,0.16
57,3,0.42
58,3,0.58
60,3,0.02
61,3,0.4
63,3,0.77
65,3,0.41
66,3,0.84
67,3,0.51
68,3,0.88
69,3,0.77
70,3,0.43
71,3,0.68
72,3,0.73
73,3,0.35
74,3,0.31
76,3,0.79
79,3,0.38
82,3,0.63
83,3,0.65
84,3,0.05
85,3,0.73
86,3,0.78
87,3,0.47
88,3,0.76
90,3,0.3
91,3,0.57
93,3,0.86
96,3,0.96
98,3,0.7
99,3,0.4
101,3,0.4
102,3,0.45
105,3,0.47
106,3,0.34
107,3,0.78
108,3,0.68
109,3,0.08
110,3,0.74
111,3,0.99
112,3,0.45
113,3,0.36
114,3,0.62
117,3,0.6
122,3,0.58
124,3,0.1
125,3,0.5
126,3,0.53
127,3,0.65
128,3,0.55
129,3,0.31
130,3,0.94
131,3,0.74
132,3,0.66
133,3,0.65
135,3,0.37
136,3,0.39
137,3,0.71
138,3,0.72
139,3,0.33
140,3,0.46
143,3,0.99
144,3,0.25
145,3,0.34
146,3,0.33
149,3,0.38
150,3,0.58
151,3,0.58
152,3,0.42
155,3,0.34
156,3,0.8
157,3,0.55
159,3,0.79
160,3,0.89
161,3,0.89
162,3,0.98
163,3,0.36
166,3,0.74
167,3,0.63
168,3,0.5
169,3,0.71
172,3,0.56
173,3,0.65
174,3,0.35
175,3,0.66
176,3,0.4
178,3,0.61
179,3,0.34
180,3,0.44
182,3,0.95
183,3,0.45
184,3,0.85
186,3,0.51
187,3,0.76
188,3,0.09
190,3,0.49
192,3,0.75
193,3,0.88
194,3,0.86
195,3,0.97
196,3,0.51
197,3,0.36
198,3,0.52
200,3,0.73
201,3,0.56
203,3,0.92
204,3,0.47
205,3,0.46
206,3,0.88
207,3,0.42
208,3,0.33
209,3,0.39
212,3,0.66
213,3,0.58
214,3,0.57
215,3,0.42
217,3,0.38
219,3,0.91
220,3,0.46
224,3,0.2
225,3,0.43
226,3,0.71
227,3,0.59
229,3,0.65
230,3,0.02
231,3,0.64
232,3,0.38
233,3,0.69
234,3,0.41
235,3,0.78
236,3,0.3
238,3,0.07
239,3,0.74
240,3,0.49
242,3,0.84
245,3,0.56
246,3,0.43
249,3,0.89
250,3,0.55
251,3,0.63
252,3,0.86
253,3,0.49
254,3,0.67
255,3,0.38
256,3,0.56
257,3,0.33
258,3,0.71
261,3,0.7
262,3,0.71
266,3,0.62
267,3,0.61
268,3,0.75
273,3,0.68
274,3,0.74
275,3,0.58
276,3,0.74
277,3,0.89
278,3,0.57
279,3,0.32
280,3,0.32
281,3,0.46
282,3,0.38
283,3,0.48
284,3,0.54
285,3,0.4
286,3,0.47
287,3,0.05
288,3,0.73
289,3,0.61
290,3,0.34
291,3,0.12
292,3,0.05
293,3,0.37
295,3,0.44
297,3,0.97
300,3,0.41
301,3,0.86
302,3,0.35
303,3,0.64
305,3,0.41
306,3,0.41
307,3,0.74
308,3,0.41
309,3,0.58
310,3,0.8
311,3,0.64
312,3,0.36
314,3,0.43
315,3,0.86
316,3,0.19
317,3,0.31
318,3,0.3
319,3,0.57
320,3,0.95
321,3,0.13
323,3,0.3
325,3,0.39
327,3,0.72
328,3,0.49
329,3,0.53
330,3,0.78
331,3,0.63
332,3,0.07
334,3,0.45
335,3,0.44
336,3,0.53
337,3,0.42
338,3,0.83
339,3,0.28
341,3,0.4
342,3,0.87
343,3,0.66
347,3,0.66
349,3,0.39
350,3,0.84
352,3,0.57
353,3,0.51
354,3,0.57
356,3,0.3
357,3,0.46
358,3,0.47
360,3,0.66
361,3,0.48
364,3,0.99
366,3,0.44
367,3,0.18
368,3,0.62
369,3,0.37
370,3,0.63
371,3,0.42
372,3,0.66
373,3,0.47
374,3,0.44
375,3,0.65
376,3,0.34
378,3,0.28
379,3,0.48
380,3,0.82
381,3,0.31
382,3,0.29
384,3,0.73
385,3,0.52
386,3,0.3
387,3,0.42
388,3,0.43
391,3,0.97
392,3,0.73
393,3,0.49
394,3,0.22
395,3,0.4
396,3,0.41
397,3,0.51
398,3,0.95
399,3,0.37
400,3,0.33
401,3,0.43
402,3,0.38
403,3,0.67
404,3,0.57
406,3,0.42
407,3,0.46
408,3,0.42
409,3,0.35
410,3,0.44
412,3,0.3
413,3,0.8
415,3,0.74
416,3,0.62
417,3,0.89
419,3,0.81
420,3,0.62
421,3,0.44
422,3,0.02
423,3,0.31
424,3,0.39
425,3,0.45
426,3,0.57
427,3,0.4
428,3,0.7
429,3,0.66
430,3,0.4
431,3,0.5
432,3,0.57
433,3,0.56
434,3,0.34
435,3,0.36
436,3,0.48
437,3,0.58
439,3,0.76
440,3,0.52
441,3,0.46
442,3,0.33
444,3,0.33
445,3,0.72
447,3,0.67
448,3,0.37
449,3,0.34
450,3,0.63
451,3,0.38
452,3,0.58
454,3,0.45
455,3,0.53
456,3,0.68
457,3,0.35
458,3,0.74
459,3,0.85
460,3,0.5
461,3,0.77
462,3,0.94
463,3,0.68
464,3,0.17
465,3,0.61
466,3,0.91
467,3,0.6
468,3,0.48
469,3,0.32
471,3,0.63
472,3,0.75
473,3,0.83
475,3,0.31
476,3,0.69
477,3,0.11
478,3,0.7
480,3,0.74
481,3,0.56
482,3,0.36
483,3,0.78
485,3,0.32
487,3,0.38
489,3,0.27
491,3,0.54
492,3,0.02
493,3,0.82
494,3,0.65
495,3,0.41
496,3,0.51
497,3,0.21
499,3,0.6
500,3,0.27
501,3,0.84
502,3,0.36
503,3,0.47
504,3,0.76
505,3,0.23
506,3,0.85
507,3,0.77
508,3,0.8
509,3,0.54
511,3,0.69
512,3,0.82
513,3,0.63
514,3,0.61
515,3,0.65
517,3,0.4
518,3,0.59
519,3,0.48
520,3,0.31
522,3,0.42
523,3,0.83
524,3,0.42
525,3,0.62
530,3,0.71
532,3,0.53
533,3,0.46
535,3,0.98
536,3,0.78
537,3,0.63
538,3,0.49
539,3,0.46
540,3,0.42
541,3,0.52
542,3,0.66
543,3,0.44
544,3,0.74
545,3,0.93
546,3,0.62
547,3,0.48
549,3,0.14
550,3,0.39
551,3,0.66
552,3,0.31
553,3,0.88
554,3,0.77
555,3,0.32
557,3,0.62
558,3,0.59
559,3,0.31
560,3,0.03
562,3,0.48
564,3,0.98
565,3,0.71
566,3,0.14
567,3,0.27
568,3,0.61
569,3,0.8
570,3,0.48
571,3,0.49
572,3,0.23
574,3,0.38
577,3,0.89
578,3,0.52
579,3,0.52
580,3,0.82
582,3,0.8
583,3,0.92
584,3,0.52
585,3,0.6
586,3,0.62
587,3,0.61
588,3,0.22
589,3,0.79
590,3,0.36
591,3,0.53
592,3,0.02
593,3,0.71
594,3,0.74
596,3,0.48
597,3,0.46
599,3,0.41
600,3,0.72
1,4,0.07
2,4,0.37
3,4,0.38
5,4,0.6
6,4,0.31
7,4,0.61
8,4,0.2
9,4,0.42
13,4,0.35
14,4,0.55
16,4,0.5
18,4,0.15
19,4,0.59
20,4,0.49
21,4,0.49
22,4,0.55
23,4,0.23
24,4,0.45
25,4,0.58
27,4,0.39
28,4,0.63
29,4,0.4
31,4,0.61
32,4,0.41
34,4,0.35
35,4,0.58
37,4,0.53
38,4,0.03
39,4,0.04
40,4,0.51
41,4,0.25
42,4,0.37
44,4,0.13
45,4,0.22
46,4,0.04
47,4,0.61
48,4,0.47
49,4,0.6
52,4,0.36
54,4,0.3
55,4,0.56
56,4,0.38
57,4,0.13
58,4,0.41
59,4,0.25
60,4,0.48
61,4,0.42
62,4,0.01
64,4,0.46
65,4,0.43
66,4,0.4
67,4,0.64
69,4,0.42
70,4,0.02
72,4,0.7
73,4,0.6
74,4,0.46
75,4,0.34
76,4,0.41
78,4,0.11
79,4,0.21
80,4,0.23
81,4,0.33
82,4,0.56
85,4,0.52
86,4,0.57
87,4,0.38
88,4,0.5
89,4,0.4
90,4,0.07
91,4,0.54
92,4,0.02
93,4,0.51
96,4,0.59
97,4,0.29
98,4,0.36
99,4,0.27
101,4,0.16
103,4,0.22
104,4,0.29
105,4,0.3
107,4,0.45
108,4,0.34
109,4,0.4
110,4,0.14
111,4,0.47
112,4,0.61
113,4,0.47
116,4,0.05
117,4,0.57
118,4,0.15
119,4,0.32
120,4,0.05
122,4,0.61
123,4,0.04
124,4,0.05
125,4,0.61
126,4,0.51
127,4,0.65
128,4,0.47
129,4,0.46
131,4,0.59
132,4,0.5
133,4,0.6
134,4,0.21
135,4,0.4
136,4,0.47
137,4,0.42
138,4,0.32
139,4,0.38
140,4,0.61
143,4,0.3
144,4,0.25
145,4,0.42
146,4,0.43
147,4,0.17
148,4,0.14
150,4,0.48
151,4,0.6
152,4,0.4
153,4,0.14
154,4,0.27
155,4,0.28
156,4,0.53
157,4,0.51
158,4,0.09
160,4,0.53
161,4,0.67
162,4,0.32
163,4,0.48
164,4,0.35
166,4,0.11
167,4,0.54
168,4,0.68
169,4,0.47
170,4,0.4
171,4,0.23
172,4,0.39
174,4,0.02
175,4,0.27
176,4,0.37
177,4,0.36
178,4,0.59
179,4,0.65
180,4,0.35
181,4,0.31
183,4,0.17
185,4,0.47
186,4,0.65
188,4,0.33
189,4,0.07
190,4,0.57
191,4,0.15
193,4,0.32
194,4,0.42
195,4,0.16
196,4,0.59
197,4,0.48
198,4,0.2
199,4,0.09
200,4,0.69
201,4,0.54
203,4,0.26
204,4,0.52
206,4,0.55
207,4,0.27
208,4,0.52
209,4,0.5
211,4,0.28
212,4,0.05
213,4,0.41
215,4,0.54
216,4,0.34
217,4,0.53
218,4,0.44
219,4,0.46
220,4,0.37
221,4,0.37
224,4,0.25
225,4,0.2
226,4,0.51
227,4,0.1
228,4,0.07
229,4,0.48
230,4,0.39
231,4,0.07
232,4,0.48
233,4,0.61
234,4,0.12
237,4,0.1
238,4,0.08
239,4,0.5
240,4,0.15
241,4,0.44
242,4,0.58
243,4,0.31
244,4,0.09
245,4,0.61
247,4,0.07
248,4,0.45
249,4,0.44
250,4,0.51
251,4,0.18
252,4,0.29
253,4,0.4
255,4,0.56
256,4,0.35
257,4,0.46
258,4,0.53
259,4,0.38
260,4,0.27
261,4,0.28
262,4,0.6
263,4,0.04
264,4,0.18
265,4,0.34
266,4,0.54
268,4,0.16
269,4,0.39
270,4,0.11
272,4,0.15
273,4,0.39
274,4,0.52
275,4,0.08
276,4,0.46
277,4,0.29
278,4,0.43
279,4,0.25
280,4,0.1
281,4,0.67
282,4,0.55
283,4,0.56
285,4,0.5
286,4,0.29
287,4,0.38
288,4,0.36
289,4,0.48
290,4,0.19
291,4,0.28
292,4,0.25
293,4,0.64
294,4,0.44
295,4,0.37
296,4,0.2
297,4,0.3
298,4,0.37
299,4,0.07
300,4,0.03
302,4,0.32
303,4,0.63
304,4,0.07
305,4,0.56
306,4,0.23
307,4,0.41
308,4,0.32
309,4,0.64
310,4,0.47
311,4,0.2
312,4,0.68
314,4,0.42
315,4,0.04
316,4,0.07
319,4,0.52
320,4,0.34
321,4,0.31
322,4,0.15
324,4,0.28
326,4,0.11
327,4,0.2
328,4,0.31
329,4,0.53
330,4,0.51
331,4,0.55
332,4,0.1
333,4,0.06
334,4,0.33
335,4,0.66
336,4,0.63
337,4,0.5
338,4,0.48
339,4,0.39
341,4,0.64
342,4,0.14
343,4,0.39
344,4,0.27
345,4,0.38
346,4,0.48
347,4,0.33
348,4,0.43
350,4,0.57
351,4,0.31
352,4,0.59
353,4,0.36
354,4,0.5
355,4,0.49
356,4,0.56
357,4,0.31
358,4,0.48
359,4,0.14
360,4,0.54
361,4,0.68
362,4,0.3
363,4,0.12
364,4,0.54
365,4,0.21
366,4,0.24
367,4,0.32
371,4,0.3
372,4,0.53
373,4,0.15
374,4,0.41
376,4,0.12
377,4,0.35
378,4,0.18
381,4,0.3
382,4,0.36
383,4,0.24
384,4,0.65
385,4,0.43
386,4,0.38
387,4,0.1
388,4,0.33
389,4,0.2
390,4,0.09
391,4,0.3
393,4,0.61
394,4,0.13
395,4,0.35
396,4,0.53
397,4,0.63
398,4,0.41
399,4,0.6
400,4,0.65
401,4,0.26
402,4,0.42
403,4,0.6
404,4,0.55
405,4,0.49
406,4,0.35
407,4,0.05
408,4,0.13
409,4,0.51
410,4,0.1
411,4,0.02
412,4,0.38
413,4,0.64
414,4,0.02
415,4,0.29
417,4,0.25
418,4,0.01
419,4,0.29
420,4,0.57
421,4,0.23
422,4,0.1
423,4,0.45
424,4,0.54
425,4,0.2
427,4,0.66
428,4,0.45
431,4,0.47
433,4,0.57
434,4,0.41
435,4,0.15
436,4,0.6
437,4,0.53
438,4,0.15
439,4,0.29
440,4,0.24
441,4,0.16
442,4,0.49
443,4,0.46
444,4,0.53
445,4,0.63
446,4,0.01
447,4,0.55
448,4,0.35
449,4,0.29
450,4,0.7
451,4,0.16
452,4,0.61
453,4,0.07
454,4,0.4
455,4,0.35
456,4,0.43
457,4,0.63
458,4,0.44
459,4,0.27
461,4,0.6
465,4,0.66
466,4,0.36
467,4,0.07
468,4,0.62
469,4,0.29
470,4,0.11
471,4,0.63
472,4,0.43
473,4,0.42
475,4,0.28
476,4,0.39
478,4,0.43
479,4,0.19
480,4,0.68
481,4,0.61
482,4,0.52
483,4,0.58
485,4,0.39
486,4,0.03
487,4,0.55
488,4,0.39
489,4,0.27
490,4,0.13
491,4,0.4
492,4,0.03
493,4,0.2
494,4,0.04
495,4,0.35
496,4,0.35
497,4,0.04
498,4,0.4
499,4,0.44
500,4,0.35
501,4,0.5
502,4,0.64
503,4,0.4
504,4,0.56
505,4,0.04
506,4,0.53
507,4,0.3
508,4,0.4
509,4,0.51
511,4,0.65
512,4,0.48
513,4,0.31
514,4,0.38
515,4,0.64
516,4,0.5
517,4,0.64
518,4,0.37
519,4,0.5
520,4,0.3
521,4,0.15
522,4,0.35
525,4,0.27
526,4,0.32
527,4,0.28
529,4,0.21
531,4,0.01
532,4,0.32
534,4,0.44
535,4,0.31
536,4,0.55
537,4,0.47
538,4,0.59
539,4,0.36
540,4,0.69
541,4,0.67
542,4,0.63
543,4,0.11
544,4,0.03
545,4,0.43
547,4,0.46
548,4,0.1
549,4,0.13
550,4,0.66
551,4,0.29
552,4,0.3
553,4,0.26
554,4,0.67
555,4,0.61
556,4,0.24
557,4,0.31
558,4,0.44
559,4,0.45
561,4,0.4
562,4,0.31
563,4,0.17
564,4,0.3
565,4,0.36
566,4,0.02
567,4,0.36
568,4,0.68
569,4,0.33
570,4,0.25
571,4,0.52
572,4,0.09
573,4,0.01
574,4,0.09
576,4,0.37
577,4,0.5
578,4,0.52
579,4,0.65
580,4,0.52
581,4,0.07
583,4,0.52
584,4,0.69
588,4,0.03
589,4,0.49
590,4,0.47
591,4,0.64
592,4,0.48
593,4,0.26
594,4,0.33
596,4,0.11
597,4,0.61
598,4,0.14
599,4,0.32
600,4,0.27
6,5,1
7,5,0.19
9,5,0.29
10,5,0.34
11,5,0.69
12,5,0.07
13,5,1
14,5,0.28
16,5,0.17
17,5,1
20,5,0.22
21,5,0.04
22,5,0.05
24,5,0.71
28,5,0.08
30,5,1
31,5,0.03
35,5,0.27
39,5,1
44,5,1
47,5,0.89
48,5,0.16
49,5,0.12
51,5,0.06
54,5,0.29
58,5,0.27
67,5,0.31
68,5,1
71,5,0.09
72,5,0.45
73,5,0.21
79,5,0.16
82,5,0.29
88,5,0.2
90,5,0.15
91,5,0.3
93,5,0.13
95,5,0.27
100,5,0.15
102,5,0.43
105,5,0.33
107,5,0.21
108,5,0.41
110,5,0.82
113,5,0.18
114,5,1
115,5,0.2
117,5,0.17
125,5,0.09
126,5,0.01
128,5,0.44
130,5,1
131,5,0.21
132,5,0.07
135,5,0.12
137,5,0.3
139,5,1
143,5,0.68
145,5,0.06
150,5,0.4
155,5,0.4
157,5,0.49
159,5,0.89
160,5,1
161,5,1
163,5,0.38
168,5,0.46
172,5,0.07
173,5,0.83
175,5,0.35
179,5,0.33
182,5,0.46
183,5,1
184,5,0.64
190,5,0.07
192,5,1
193,5,1
195,5,1
196,5,0.01
197,5,0.16
201,5,0.11
203,5,0.78
204,5,0.26
205,5,0.16
206,5,1
213,5,0.57
214,5,1
217,5,0.06
219,5,0.43
220,5,0.03
225,5,1
229,5,1
231,5,1
233,5,0.09
235,5,1
238,5,0.24
242,5,0.14
251,5,0.65
255,5,0.06
256,5,0.26
258,5,0.04
261,5,0.44
267,5,1
271,5,0.16
273,5,0.48
274,5,0.38
275,5,1
276,5,0.11
277,5,0.45
279,5,0.45
281,5,1
288,5,0.35
289,5,0.94
290,5,1
295,5,0.06
297,5,0.46
300,5,0.4
301,5,0.21
308,5,0.96
309,5,0.46
311,5,0.12
312,5,0.86
313,5,0.09
314,5,0.36
315,5,0.74
318,5,1
319,5,0.48
327,5,0.98
328,5,0.22
329,5,0.33
334,5,1
336,5,1
337,5,1
338,5,1
341,5,0.03
342,5,1
343,5,1
347,5,0.45
349,5,0.02
352,5,0.28
360,5,0.31
361,5,0.5
368,5,0.81
369,5,1
370,5,0.89
371,5,0.34
372,5,0.87
373,5,0.05
375,5,1
376,5,1
379,5,1
380,5,0.22
382,5,0.15
383,5,0.15
388,5,1
392,5,0.11
399,5,0.04
400,5,1
404,5,0.06
405,5,0.08
406,5,0.25
409,5,0.19
410,5,0.03
412,5,0.14
413,5,0.32
414,5,0.18
415,5,0.36
417,5,0.42
421,5,1
423,5,0.15
424,5,0.69
425,5,0.89
427,5,0.99
428,5,0.05
432,5,0.15
434,5,1
436,5,0.39
437,5,0.44
440,5,1
441,5,1
442,5,0.41
446,5,0.29
447,5,0.28
448,5,0.16
450,5,1
454,5,0.42
456,5,1
457,5,0.12
462,5,0.59
463,5,1
465,5,0.39
467,5,0.09
468,5,0.06
471,5,0.48
473,5,0.1
480,5,0.44
481,5,0.41
482,5,0.46
483,5,0.08
484,5,0.25
493,5,0.51
494,5,0.3
496,5,0.09
499,5,0.87
501,5,0.45
502,5,0.17
506,5,0.34
507,5,0.05
512,5,0.49
513,5,1
516,5,0.06
518,5,0.18
519,5,0.09
523,5,0.02
528,5,0.1
530,5,0.13
533,5,0.61
535,5,0.04
536,5,0.35
538,5,0.18
541,5,0.22
542,5,0.12
544,5,0.07
545,5,0.42
546,5,1
547,5,0.09
552,5,0.28
553,5,0.88
555,5,0.37
558,5,0.66
565,5,0.15
568,5,0.44
571,5,0.11
577,5,0.59
578,5,0.03
579,5,0.03
580,5,0.06
583,5,0.37
584,5,0.22
585,5,0.34
586,5,0.9
587,5,0.5
589,5,0.37
590,5,0.39
594,5,0.17
597,5,0.09
599,5,1
600,5,1
2,6,0.16
4,6,0.09
6,6,0.01
7,6,0.12
10,6,0.7
11,6,0.66
13,6,0.33
17,6,0.8
20,6,0.17
24,6,0.41
30,6,0.38
31,6,0.74
35,6,0.01
39,6,0.36
44,6,0.64
47,6,0.92
51,6,0.04
58,6,0.14
61,6,0.14
65,6,0.14
68,6,0.08
69,6,0.04
71,6,0.2
74,6,0.29
76,6,0.03
77,6,0.14
87,6,0.16
88,6,0.3
90,6,0.07
102,6,0.07
105,6,0.36
107,6,0.2
108,6,0.07
109,6,0.2
110,6,0.96
114,6,0.58
122,6,0.06
125,6,0.34
130,6,0.78
133,6,0.07
139,6,0.96
140,6,0.15
141,6,0.17
143,6,0.78
146,6,0.03
150,6,0.02
156,6,0.15
159,6,0.63
160,6,0.56
161,6,0.9
162,6,0.09
168,6,0.06
169,6,0.29
173,6,0.99
175,6,0.15
179,6,0.14
182,6,0.05
183,6,0.72
184,6,0.67
190,6,0.26
192,6,0.2
193,6,0.79
195,6,0.84
196,6,0.1
200,6,0.09
203,6,0.86
204,6,0.19
205,6,0.87
206,6,0.96
213,6,0.12
214,6,0.45
215,6,0.31
217,6,0.1
220,6,0.31
223,6,0.1
225,6,0.45
229,6,0.02
231,6,0.65
235,6,0.93
236,6,0.07
242,6,0.66
249,6,0.2
250,6,0.35
251,6,0.91
256,6,0.28
258,6,0.35
261,6,0.27
262,6,0.11
267,6,0.91
271,6,0.19
273,6,0.24
275,6,0.19
279,6,0.08
281,6,0.76
282,6,0.03
283,6,0.21
285,6,0.34
289,6,0.94
290,6,0.4
300,6,0.58
301,6,0.66
303,6,0.31
305,6,0.05
308,6,0.28
311,6,0.07
312,6,0.12
313,6,0.17
314,6,0.32
315,6,0.75
318,6,0.43
319,6,0.28
327,6,0.16
334,6,0.97
336,6,0.5
337,6,0.67
338,6,0.19
342,6,0.76
343,6,0.57
347,6,0.11
349,6,0.63
350,6,0.33
352,6,0.09
353,6,0.25
356,6,0.17
360,6,0.55
361,6,0.28
368,6,0.86
369,6,0.57
370,6,0.45
371,6,0.26
372,6,0.07
375,6,0.33
376,6,0.16
377,6,0.16
379,6,0.75
380,6,0.08
383,6,0.08
388,6,0.77
391,6,0.02
392,6,0.28
398,6,0.06
400,6,0.11
402,6,0.05
403,6,0.26
405,6,0.08
407,6,0.01
409,6,0.02
410,6,0.04
412,6,0.88
414,6,0.05
417,6,0.01
419,6,0.02
421,6,0.09
423,6,0.04
424,6,0.99
425,6,0.53
426,6,0.17
427,6,0.51
432,6,0.27
433,6,0.16
434,6,0.76
436,6,0.18
437,6,0.35
439,6,0.13
440,6,0.35
441,6,0.97
444,6,0.21
445,6,0.23
447,6,0.81
450,6,0.73
452,6,0.17
455,6,0.1
456,6,0.25
457,6,0.11
462,6,0.82
463,6,0.01
465,6,0.46
467,6,0.01
468,6,0.17
471,6,0.19
472,6,0.33
473,6,0.97
475,6,0.14
476,6,0.28
480,6,0.01
482,6,0.1
491,6,0.07
493,6,0.7
495,6,0.2
496,6,0.26
499,6,0.38
503,6,0.2
504,6,0.1
505,6,0.05
507,6,0.08
510,6,0.05
513,6,0.13
514,6,0.2
515,6,0.34
523,6,0.66
533,6,0.52
534,6,0.14
535,6,0.14
538,6,0.23
539,6,0.06
542,6,0.01
544,6,0.31
545,6,0.08
546,6,0.38
547,6,0.05
550,6,0.06
553,6,0.68
558,6,0.97
559,6,0.25
568,6,0.34
570,6,0.33
577,6,0.38
579,6,0.13
583,6,0.06
585,6,0.58
586,6,0.46
587,6,0.6
589,6,0.84
590,6,0.83
599,6,0.97
600,6,0.58
1,7,0.15
3,7,0.21
6,7,0.41
8,7,0.12
10,7,0.06
11,7,0.49
13,7,0.24
17,7,0.43
18,7,0.04
22,7,0.07
24,7,0.34
26,7,0.03
27,7,0.08
28,7,0.09
30,7,0.31
31,7,0.17
32,7,0.07
37,7,0.13
38,7,0.1
40,7,0.05
44,7,0.47
45,7,0.17
46,7,0.1
47,7,0.49
48,7,0.01
52,7,0.06
54,7,0.07
56,7,0.06
59,7,0.1
62,7,0.08
66,7,0.04
68,7,0.39
69,7,0.23
70,7,0.1
74,7,0.2
75,7,0.14
78,7,0.23
81,7,0.12
82,7,0.07
85,7,0.03
88,7,0.07
90,7,0.42
92,7,0.13
93,7,0.04
96,7,0.09
97,7,0.23
99,7,0.14
101,7,0.23
102,7,0.23
103,7,0.04
104,7,0.16
105,7,0.48
108,7,0.29
110,7,0.33
111,7,0.22
112,7,0.04
114,7,0.08
116,7,0.02
118,7,0.25
119,7,0.19
120,7,0.05
123,7,0.24
124,7,0.12
127,7,0.24
128,7,0.15
129,7,0.01
130,7,0.12
132,7,0.1
133,7,0.02
134,7,0.02
135,7,0.06
138,7,0.06
139,7,0.03
143,7,0.12
144,7,0.22
145,7,0.21
147,7,0.15
148,7,0.14
150,7,0.03
151,7,0.24
153,7,0.1
154,7,0.17
155,7,0.09
156,7,0.12
158,7,0.02
159,7,0.19
160,7,0.43
161,7,0.02
162,7,0.13
164,7,0.2
173,7,0.07
174,7,0.12
175,7,0.16
179,7,0.25
180,7,0.11
181,7,0.01
182,7,0.35
183,7,0.06
184,7,0.3
186,7,0.08
188,7,0.12
189,7,0.11
190,7,0.25
191,7,0.06
192,7,0.05
193,7,0.22
194,7,0.25
195,7,0.46
197,7,0.23
199,7,0.22
203,7,0.23
205,7,0.47
206,7,0.37
207,7,0.23
208,7,0.16
209,7,0.11
213,7,0.05
214,7,0.35
215,7,0.18
216,7,0.07
219,7,0.09
220,7,0.16
221,7,0.09
224,7,0.06
225,7,0.05
228,7,0.01
229,7,0.28
230,7,0.16
231,7,0.21
232,7,0.1
234,7,0.18
235,7,0.09
237,7,0.05
242,7,0.48
243,7,0.25
244,7,0.14
247,7,0.23
249,7,0.11
251,7,0.23
252,7,0.16
255,7,0.05
256,7,0.2
257,7,0.09
258,7,0.34
259,7,0.2
261,7,0.15
262,7,0.23
263,7,0.04
265,7,0.16
267,7,0.16
269,7,0.18
270,7,0.05
272,7,0.17
273,7,0.14
274,7,0.04
275,7,0.24
277,7,0.05
279,7,0.43
280,7,0.15
281,7,0.5
283,7,0.14
286,7,0.14
287,7,0.2
289,7,0.29
290,7,0.49
291,7,0.19
295,7,0.17
296,7,0.05
297,7,0.06
298,7,0.07
299,7,0.13
300,7,0.06
301,7,0.29
302,7,0.01
303,7,0.16
304,7,0.14
305,7,0.02
306,7,0.1
308,7,0.13
309,7,0.19
312,7,0.27
315,7,0.14
316,7,0.15
318,7,0.12
319,7,0.15
320,7,0.1
324,7,0.01
326,7,0.06
327,7,0.15
328,7,0.09
332,7,0.16
333,7,0.11
334,7,0.4
336,7,0.5
337,7,0.19
338,7,0.33
339,7,0.04
342,7,0.47
343,7,0.25
347,7,0.16
349,7,0.1
350,7,0.09
352,7,0.2
353,7,0.07
354,7,0.06
356,7,0.25
357,7,0.16
358,7,0.18
360,7,0.4
362,7,0.18
363,7,0.15
364,7,0.03
365,7,0.19
367,7,0.06
368,7,0.21
369,7,0.3
370,7,0.25
371,7,0.24
372,7,0.24
375,7,0.06
376,7,0.2
378,7,0.16
379,7,0.35
380,7,0.19
381,7,0.05
387,7,0.13
388,7,0.12
389,7,0.21
390,7,0.12
391,7,0.15
392,7,0.38
394,7,0.16
395,7,0.06
398,7,0.12
399,7,0.25
400,7,0.39
401,7,0.17
402,7,0.03
403,7,0.13
404,7,0.14
406,7,0.01
408,7,0.11
411,7,0.18
412,7,0.3
415,7,0.17
417,7,0.13
418,7,0.18
419,7,0.18
420,7,0.12
421,7,0.28
422,7,0.02
423,7,0.18
424,7,0.18
425,7,0.1
427,7,0.14
432,7,0.45
434,7,0.39
435,7,0.12
436,7,0.13
437,7,0.04
438,7,0.07
439,7,0.02
440,7,0.32
441,7,0.43
444,7,0.09
445,7,0.19
447,7,0.19
449,7,0.24
450,7,0.5
451,7,0.06
452,7,0.03
453,7,0.03
456,7,0.09
459,7,0.02
462,7,0.04
463,7,0.5
465,7,0.15
466,7,0.17
467,7,0.24
470,7,0.03
471,7,0.33
472,7,0.06
473,7,0.22
475,7,0.04
479,7,0.16
481,7,0.18
483,7,0.1
485,7,0.22
488,7,0.17
489,7,0.24
490,7,0.23
491,7,0.01
493,7,0.2
498,7,0.11
499,7,0.3
500,7,0.08
501,7,0.02
506,7,0.02
507,7,0.24
511,7,0.22
512,7,0.03
513,7,0.47
517,7,0.1
518,7,0.23
520,7,0.12
521,7,0.15
522,7,0.03
523,7,0.13
525,7,0.22
526,7,0.09
527,7,0.22
529,7,0.05
531,7,0.05
533,7,0.11
535,7,0.05
538,7,0.01
542,7,0.17
543,7,0.11
545,7,0.21
546,7,0.23
548,7,0.22
549,7,0.01
551,7,0.2
552,7,0.25
553,7,0.24
556,7,0.08
558,7,0.21
559,7,0.16
561,7,0.13
562,7,0.24
564,7,0.03
565,7,0.24
566,7,0.19
567,7,0.06
569,7,0.09
570,7,0.18
573,7,0.2
574,7,0.02
576,7,0.13
577,7,0.18
580,7,0.14
581,7,0.06
583,7,0.22
585,7,0.09
586,7,0.32
587,7,0.09
588,7,0.2
589,7,0.48
590,7,0.35
593,7,0.24
594,7,0.24
596,7,0.1
597,7,0.04
598,7,0.01
599,7,0.48
600,7,0.25
1,8,0.18
2,8,0.25
3,8,1
5,8,0.73
7,8,0.32
9,8,1
10,8,0.2
12,8,0.11
14,8,0.41
16,8,0.86
17,8,0.13
19,8,0.22
20,8,0.4
21,8,0.16
22,8,1
24,8,0.08
25,8,0.93
28,8,1
29,8,0.63
31,8,0.23
32,8,1
34,8,1
35,8,0.19
37,8,1
39,8,0.3
40,8,1
41,8,0.26
42,8,0.55
47,8,0.3
48,8,1
49,8,0.23
50,8,0.1
51,8,0.17
54,8,1
55,8,0.92
61,8,0.08
63,8,0.13
65,8,0.2
66,8,0.82
67,8,0.35
69,8,0.53
72,8,0.22
73,8,0.25
74,8,1
75,8,0.03
76,8,0.15
77,8,0.06
80,8,0.29
82,8,1
83,8,0.06
85,8,1
86,8,0.48
87,8,0.13
88,8,1
90,8,0.13
91,8,0.94
93,8,1
94,8,0.22
95,8,0.15
96,8,1
98,8,0.85
101,8,0.11
102,8,0.26
104,8,0.1
105,8,0.19
106,8,0.19
107,8,0.42
108,8,0.28
110,8,0.06
111,8,0.51
112,8,0.76
113,8,0.47
114,8,0.18
115,8,0.06
117,8,0.17
122,8,0.98
125,8,0.1
126,8,0.86
127,8,1
128,8,0.7
129,8,1
131,8,0.99
132,8,1
133,8,1
135,8,0.57
136,8,0.02
137,8,0.78
138,8,1
140,8,0.39
141,8,0.14
142,8,0.24
145,8,1
146,8,0.16
147,8,0.13
149,8,0.08
150,8,1
151,8,1
152,8,0.33
155,8,0.7
156,8,1
157,8,0.53
158,8,0.02
159,8,0.02
161,8,0.26
162,8,1
163,8,0.1
167,8,0.26
168,8,0.05
169,8,0.8
170,8,0.01
171,8,0.09
172,8,0.53
173,8,0.08
175,8,1
177,8,0.08
178,8,0.09
179,8,1
181,8,0.16
182,8,0.26
183,8,0.11
185,8,0.03
186,8,1
188,8,0.13
190,8,1
191,8,0.16
192,8,0.14
194,8,0.96
195,8,0.13
196,8,0.76
197,8,1
200,8,0.85
201,8,0.78
202,8,0.06
203,8,0.02
204,8,0.47
206,8,0.08
207,8,1
208,8,1
209,8,1
210,8,0.29
211,8,0.14
212,8,0.13
213,8,0.01
215,8,1
217,8,0.22
219,8,1
220,8,1
221,8,0.18
223,8,0.17
225,8,0.2
226,8,1
230,8,0.17
232,8,1
233,8,0.69
235,8,0.26
239,8,0.66
241,8,0.1
245,8,0.27
246,8,0.26
248,8,0.17
249,8,1
250,8,0.55
251,8,0.17
252,8,0.78
253,8,0.04
254,8,0.08
255,8,0.57
256,8,0.65
257,8,1
258,8,0.27
260,8,0.29
261,8,1
262,8,1
263,8,0.11
265,8,0.01
266,8,0.02
268,8,0.29
273,8,1
274,8,1
275,8,0.16
276,8,0.31
277,8,1
278,8,0.23
279,8,0.17
280,8,0.19
282,8,0.29
283,8,1
284,8,0.02
285,8,0.01
287,8,0.16
288,8,0.75
289,8,0.12
290,8,0.29
293,8,0.57
295,8,1
297,8,0.72
300,8,0.01
301,8,0.3
302,8,1
303,8,0.68
305,8,1
306,8,0.17
307,8,0.01
308,8,0.04
309,8,0.82
310,8,0.53
312,8,0.15
314,8,0.36
317,8,0.26
318,8,0.11
319,8,1
320,8,1
321,8,0.1
322,8,0.22
325,8,0.02
327,8,0.05
328,8,1
330,8,0.31
331,8,0.03
332,8,0.25
333,8,0.28
334,8,0.05
335,8,0.01
336,8,0.1
338,8,0.01
341,8,0.56
342,8,0.07
343,8,0.21
345,8,0.25
346,8,0.21
347,8,0.65
348,8,0.14
350,8,1
351,8,0.18
352,8,0.56
353,8,1
354,8,1
356,8,0.98
358,8,1
360,8,0.06
361,8,0.51
363,8,0.25
364,8,1
368,8,0.24
369,8,0.05
370,8,0.23
371,8,0.55
372,8,0.06
373,8,0.14
375,8,0.23
377,8,0.29
378,8,0.03
379,8,0.17
382,8,0.28
383,8,0.03
384,8,0.72
385,8,0.66
386,8,0.44
388,8,0.2
390,8,0.13
391,8,0.79
392,8,0.29
393,8,0.91
396,8,0.83
397,8,1
398,8,1
399,8,1
401,8,1
402,8,1
403,8,1
404,8,1
405,8,0.1
406,8,1
409,8,0.07
410,8,0.1
413,8,0.94
415,8,1
417,8,1
418,8,0.2
419,8,1
420,8,1
421,8,0.16
422,8,0.17
423,8,0.82
424,8,0.25
426,8,0.1
428,8,0.52
431,8,0.36
432,8,0.16
433,8,0.92
434,8,0.23
436,8,0.85
437,8,1
439,8,0.59
440,8,0.05
441,8,0.01
442,8,0.93
444,8,1
445,8,1
446,8,0.03
448,8,0.74
451,8,0.04
452,8,1
454,8,0.82
455,8,0.48
457,8,0.32
458,8,0.01
459,8,1
460,8,0.3
461,8,0.65
462,8,0.04
463,8,0.27
465,8,0.18
466,8,0.91
467,8,0.25
468,8,0.99
469,8,0.25
471,8,0.19
472,8,0.61
474,8,0.06
475,8,1
476,8,0.34
478,8,0.25
480,8,0.25
481,8,1
482,8,0.85
483,8,1
484,8,0.14
487,8,0.16
488,8,0.13
491,8,0.61
492,8,0.24
493,8,0.03
494,8,0.13
495,8,1
496,8,0.39
497,8,0.25
499,8,0.03
501,8,1
502,8,0.96
503,8,0.93
504,8,0.37
505,8,0.18
506,8,1
507,8,1
508,8,0.26
509,8,0.75
510,8,0.3
511,8,0.72
512,8,1
513,8,0.22
514,8,0.58
515,8,0.96
516,8,0.05
517,8,1
518,8,1
519,8,0.96
522,8,1
524,8,0.05
525,8,0.81
527,8,0.04
528,8,0.2
533,8,0.16
535,8,0.7
536,8,0.07
537,8,0.35
538,8,1
539,8,0.58
540,8,0.04
541,8,0.71
542,8,0.13
544,8,0.06
547,8,0.95
548,8,0.1
550,8,0.67
551,8,0.99
552,8,0.51
553,8,0.09
554,8,0.33
555,8,0.32
557,8,0.07
559,8,0.55
560,8,0.27
562,8,0.29
563,8,0.26
564,8,1
565,8,1
568,8,0.18
569,8,1
570,8,1
571,8,0.62
572,8,0.19
575,8,0.25
578,8,0.56
579,8,0.77
580,8,0.64
581,8,0.12
582,8,0.11
583,8,0.89
584,8,0.46
587,8,0.13
589,8,0.21
591,8,0.43
592,8,0.23
593,8,1
594,8,1
597,8,0.85
2,9,0.74
3,9,1
5,9,1
7,9,0.62
9,9,1
14,9,0.36
16,9,0.58
19,9,0.49
20,9,0.3
21,9,0.44
22,9,1
25,9,0.87
28,9,1
29,9,0.84
32,9,1
34,9,0.88
35,9,0.7
37,9,1
40,9,1
42,9,0.39
48,9,1
49,9,0.5
54,9,1
55,9,0.37
58,9,0.98
61,9,0.43
65,9,0.39
66,9,0.91
67,9,0.87
69,9,0.8
72,9,1
73,9,0.55
74,9,1
76,9,1
82,9,1
85,9,1
86,9,0.84
87,9,1
88,9,1
91,9,0.73
93,9,1
96,9,1
98,9,0.53
107,9,1
111,9,1
112,9,0.94
113,9,0.75
117,9,0.36
122,9,0.91
125,9,0.98
126,9,0.85
127,9,1
128,9,1
129,9,1
131,9,0.57
132,9,1
133,9,0.75
135,9,1
137,9,0.7
138,9,1
140,9,0.68
145,9,1
146,9,0.62
150,9,1
151,9,1
152,9,0.64
155,9,1
156,9,1
157,9,1
162,9,0.85
163,9,1
167,9,0.91
168,9,0.86
169,9,0.65
172,9,1
175,9,1
178,9,0.55
179,9,0.91
186,9,1
190,9,0.82
194,9,0.93
196,9,1
197,9,1
200,9,0.8
201,9,1
204,9,1
207,9,1
208,9,1
209,9,1
215,9,0.92
217,9,0.8
219,9,1
220,9,1
226,9,0.9
232,9,1
233,9,0.85
239,9,0.74
245,9,0.55
249,9,1
250,9,1
252,9,1
253,9,0.84
255,9,1
256,9,1
257,9,1
261,9,1
262,9,1
266,9,0.55
273,9,1
274,9,0.75
276,9,1
277,9,1
278,9,1
282,9,1
283,9,1
285,9,0.25
288,9,0.33
293,9,1
295,9,0.79
297,9,1
302,9,1
303,9,0.83
305,9,1
307,9,0.79
309,9,0.75
310,9,0.46
314,9,0.37
319,9,1
320,9,1
328,9,1
329,9,0.48
330,9,0.25
331,9,0.42
335,9,0.77
341,9,1
347,9,1
350,9,0.82
352,9,1
353,9,0.77
354,9,1
356,9,1
358,9,1
361,9,0.45
364,9,1
371,9,1
384,9,0.32
385,9,0.8
386,9,1
391,9,1
393,9,0.6
396,9,1
397,9,1
398,9,0.79
399,9,0.91
401,9,1
402,9,1
403,9,1
404,9,1
406,9,0.98
409,9,0.69
413,9,0.82
415,9,1
417,9,0.77
419,9,1
420,9,1
423,9,1
428,9,0.85
431,9,1
433,9,0.45
436,9,1
437,9,1
439,9,1
442,9,0.86
444,9,1
445,9,1
448,9,1
452,9,1
454,9,0.58
455,9,0.85
457,9,0.7
459,9,1
461,9,0.28
466,9,1
468,9,0.27
472,9,1
475,9,1
476,9,0.55
480,9,0.84
481,9,0.8
482,9,0.55
483,9,1
487,9,0.94
491,9,1
495,9,0.91
496,9,0.53
501,9,0.81
502,9,0.64
503,9,0.77
504,9,0.55
506,9,1
507,9,0.91
508,9,0.52
509,9,0.6
511,9,0.92
512,9,0.83
514,9,0.62
515,9,1
517,9,1
518,9,1
519,9,0.46
522,9,1
525,9,0.99
535,9,1
536,9,0.4
537,9,0.88
538,9,1
539,9,0.93
540,9,0.55
541,9,0.66
547,9,0.64
550,9,0.55
551,9,1
552,9,1
554,9,0.97
555,9,1
559,9,1
564,9,1
565,9,1
568,9,0.26
569,9,1
570,9,1
571,9,0.83
578,9,0.99
579,9,1
580,9,0.77
583,9,1
584,9,0.96
591,9,0.62
593,9,0.94
594,9,0.99
597,9,0.85
2,10,0.82
3,10,1
5,10,1
7,10,1
9,10,1
14,10,1
16,10,1
19,10,1
20,10,1
21,10,0.83
22,10,0.62
25,10,1
28,10,0.93
29,10,1
32,10,1
34,10,1
35,10,1
37,10,1
40,10,1
42,10,1
48,10,0.88
49,10,1
54,10,1
55,10,1
58,10,1
61,10,1
65,10,1
66,10,0.54
67,10,0.9
69,10,0.56
72,10,1
73,10,1
74,10,1
76,10,0.86
82,10,0.93
85,10,0.66
86,10,1
87,10,1
88,10,1
91,10,1
93,10,1
96,10,1
98,10,0.98
107,10,0.93
111,10,1
112,10,0.71
113,10,1
117,10,0.89
122,10,0.85
125,10,0.94
126,10,1
127,10,1
128,10,1
129,10,0.8
131,10,1
132,10,1
133,10,0.59
135,10,0.84
137,10,1
138,10,0.74
140,10,1
145,10,0.85
146,10,1
150,10,0.79
151,10,1
152,10,1
155,10,1
156,10,1
157,10,1
162,10,1
163,10,1
167,10,1
168,10,1
169,10,1
172,10,0.95
175,10,0.86
178,10,1
179,10,0.96
186,10,0.89
190,10,1
194,10,0.71
196,10,1
197,10,1
200,10,1
201,10,1
204,10,1
207,10,0.58
208,10,0.69
209,10,1
215,10,1
217,10,1
219,10,1
220,10,0.62
226,10,1
232,10,0.5
233,10,1
239,10,1
245,10,1
249,10,1
250,10,0.95
252,10,1
253,10,1
255,10,1
256,10,0.85
257,10,1
261,10,1
262,10,1
266,10,0.93
273,10,1
274,10,0.69
276,10,1
277,10,1
278,10,1
282,10,1
283,10,0.85
285,10,1
288,10,1
293,10,0.75
295,10,1
297,10,0.94
302,10,1
303,10,0.51
305,10,0.56
307,10,1
309,10,0.98
310,10,1
314,10,0.89
319,10,1
320,10,1
328,10,1
329,10,0.84
330,10,0.78
331,10,1
335,10,1
341,10,1
347,10,0.67
350,10,1
352,10,0.68
353,10,1
354,10,0.62
356,10,0.54
358,10,0.67
361,10,0.9
364,10,0.78
371,10,0.5
384,10,1
385,10,1
386,10,1
391,10,1
393,10,1
396,10,1
397,10,0.94
398,10,0.53
399,10,1
401,10,0.67
402,10,0.99
403,10,0.71
404,10,1
406,10,1
409,10,1
413,10,1
415,10,0.86
417,10,1
419,10,1
420,10,1
423,10,1
428,10,0.82
431,10,1
433,10,1
436,10,1
437,10,1
439,10,1
442,10,1
444,10,0.67
445,10,0.68
448,10,0.98
452,10,0.67
454,10,1
455,10,0.93
457,10,1
459,10,0.52
461,10,1
466,10,1
468,10,0.89
472,10,0.64
475,10,0.92
476,10,1
480,10,1
481,10,1
482,10,1
483,10,0.75
487,10,1
491,10,1
495,10,1
496,10,0.94
501,10,0.89
502,10,1
503,10,1
504,10,1
506,10,0.98
507,10,0.55
508,10,1
509,10,0.97
511,10,0.95
512,10,1
514,10,1
515,10,0.94
517,10,1
518,10,1
519,10,1
522,10,1
525,10,1
535,10,1
536,10,1
537,10,1
538,10,0.88
539,10,1
540,10,1
541,10,1
547,10,1
550,10,1
551,10,0.79
552,10,0.6
554,10,1
555,10,1
559,10,1
564,10,0.81
565,10,0.91
568,10,0.87
569,10,0.61
570,10,0.89
571,10,1
578,10,1
579,10,1
580,10,0.86
583,10,0.59
584,10,0.79
591,10,1
593,10,1
594,10,1
597,10,1
2,11,0.92
3,11,0.97
5,11,0.99
7,11,1
9,11,0.83
14,11,0.85
16,11,0.51
19,11,0.55
20,11,0.81
21,11,1
22,11,0.79
25,11,1
28,11,0.97
29,11,1
32,11,1
34,11,1
35,11,1
37,11,0.96
40,11,1
42,11,0.84
48,11,1
49,11,0.94
54,11,0.81
55,11,0.9
58,11,1
61,11,1
65,11,0.6
66,11,0.92
67,11,0.76
69,11,1
72,11,1
73,11,0.85
74,11,1
76,11,1
82,11,1
85,11,0.82
86,11,1
87,11,1
88,11,0.92
91,11,0.76
93,11,1
96,11,1
98,11,1
107,11,1
111,11,0.84
112,11,0.89
113,11,1
117,11,0.81
122,11,0.98
125,11,0.89
126,11,0.67
127,11,0.77
128,11,1
129,11,1
131,11,1
132,11,0.85
133,11,0.8
135,11,0.96
137,11,1
138,11,1
140,11,1
145,11,0.83
146,11,0.69
150,11,1
151,11,1
152,11,0.57
155,11,1
156,11,0.87
157,11,1
162,11,1
163,11,0.66
167,11,0.94
168,11,0.87
169,11,0.8
172,11,0.65
175,11,1
178,11,1
179,11,1
186,11,1
190,11,1
194,11,0.93
196,11,1
197,11,1
200,11,1
201,11,1
204,11,1
207,11,0.99
208,11,1
209,11,0.98
215,11,0.77
217,11,0.93
219,11,1
220,11,0.9
226,11,1
232,11,0.92
233,11,1
239,11,1
245,11,0.51
249,11,0.83
250,11,0.75
252,11,1
253,11,0.77
255,11,0.99
256,11,0.84
257,11,1
261,11,0.88
262,11,0.98
266,11,0.62
273,11,0.88
274,11,0.77
276,11,0.98
277,11,0.77
278,11,0.55
282,11,0.84
283,11,0.9
285,11,1
288,11,1
293,11,1
295,11,1
297,11,0.92
302,11,1
303,11,0.75
305,11,1
307,11,0.84
309,11,1
310,11,1
314,11,1
319,11,0.95
320,11,0.98
328,11,1
329,11,1
330,11,0.85
331,11,1
335,11,0.61
341,11,0.86
347,11,0.75
350,11,0.83
352,11,0.98
353,11,0.95
354,11,1
356,11,0.87
358,11,0.88
361,11,1
364,11,1
371,11,0.88
384,11,1
385,11,0.5
386,11,1
391,11,0.95
393,11,0.71
396,11,1
397,11,1
398,11,1
399,11,0.94
401,11,1
402,11,1
403,11,1
404,11,1
406,11,0.76
409,11,0.67
413,11,1
415,11,0.85
417,11,1
419,11,1
420,11,1
423,11,1
428,11,1
431,11,0.71
433,11,0.73
436,11,1
437,11,0.96
439,11,0.93
442,11,1
444,11,0.83
445,11,0.91
448,11,1
452,11,1
454,11,0.58
455,11,0.84
457,11,0.92
459,11,1
461,11,1
466,11,0.83
468,11,0.67
472,11,1
475,11,0.89
476,11,1
480,11,1
481,11,0.94
482,11,0.82
483,11,1
487,11,1
491,11,0.99
495,11,0.9
496,11,1
501,11,0.82
502,11,0.79
503,11,1
504,11,1
506,11,0.83
507,11,1
508,11,0.83
509,11,1
511,11,0.92
512,11,1
514,11,1
515,11,1
517,11,0.9
518,11,0.98
519,11,0.74
522,11,1
525,11,1
535,11,1
536,11,0.52
537,11,0.82
538,11,0.79
539,11,1
540,11,0.84
541,11,0.94
547,11,0.63
550,11,1
551,11,1
552,11,0.85
554,11,1
555,11,0.59
559,11,1
564,11,1
565,11,1
568,11,0.66
569,11,1
570,11,0.87
571,11,0.55
578,11,0.73
579,11,1
580,11,0.82
583,11,0.83
584,11,0.98
591,11,1
593,11,1
594,11,0.79
597,11,1
2,12,1
3,12,1
4,12,0.23
5,12,0.9
6,12,0.36
7,12,1
9,12,0.91
10,12,0.79
11,12,0.67
12,12,0.26
13,12,0.32
14,12,1
15,12,0.53
16,12,0.75
17,12,0.52
19,12,1
20,12,0.83
21,12,1
22,12,0.86
23,12,0.49
24,12,0.57
25,12,1
28,12,0.77
29,12,1
30,12,0.3
31,12,0.7
32,12,1
33,12,0.28
34,12,0.91
35,12,1
36,12,0.18
37,12,1
39,12,0.78
40,12,1
41,12,0.51
42,12,1
43,12,0.25
44,12,0.42
47,12,0.64
48,12,1
49,12,1
50,12,0.29
51,12,0.1
53,12,0.12
54,12,0.95
55,12,1
57,12,0.18
58,12,1
60,12,0.31
61,12,0.81
63,12,0.47
64,12,0.04
65,12,1
66,12,1
67,12,1
68,12,0.57
69,12,1
71,12,0.12
72,12,0.82
73,12,0.98
74,12,1
76,12,1
77,12,0.2
79,12,0.42
80,12,0.21
82,12,1
83,12,0.37
84,12,0.29
85,12,0.93
86,12,0.96
87,12,1
88,12,0.77
89,12,0.04
90,12,0.31
91,12,1
93,12,1
94,12,0.31
95,12,0.14
96,12,1
98,12,1
100,12,0.35
102,12,0.68
105,12,0.66
106,12,0.69
107,12,1
108,12,0.45
109,12,0.48
110,12,0.79
111,12,1
112,12,0.8
113,12,1
114,12,0.43
115,12,0.47
117,12,1
121,12,0.45
122,12,1
125,12,1
126,12,0.85
127,12,1
128,12,1
129,12,1
130,12,0.58
131,12,1
132,12,1
133,12,1
135,12,1
136,12,0.68
137,12,1
138,12,1
139,12,0.27
140,12,1
141,12,0.08
142,12,0.45
143,12,0.66
145,12,1
146,12,1
149,12,0.05
150,12,1
151,12,1
152,12,0.76
155,12,1
156,12,1
157,12,1
159,12,0.48
160,12,0.79
161,12,0.58
162,12,1
163,12,1
166,12,0.03
167,12,1
168,12,1
169,12,1
170,12,0.36
172,12,1
173,12,0.75
175,12,1
177,12,0.52
178,12,0.95
179,12,1
182,12,0.29
183,12,0.58
184,12,0.5
185,12,0.06
186,12,1
187,12,0.62
190,12,1
192,12,0.51
193,12,0.2
194,12,1
195,12,0.52
196,12,1
197,12,1
198,12,0.58
200,12,1
201,12,0.91
202,12,0.05
203,12,0.54
204,12,1
205,12,0.57
206,12,0.69
207,12,1
208,12,1
209,12,1
210,12,0.6
211,12,0.11
212,12,0.63
213,12,0.37
214,12,0.46
215,12,1
217,12,0.88
218,12,0.53
219,12,0.79
220,12,1
222,12,0.59
223,12,0.48
225,12,0.54
226,12,1
227,12,0.45
229,12,0.63
231,12,0.79
232,12,1
233,12,1
235,12,0.72
236,12,0.29
239,12,1
240,12,0.6
241,12,0.52
242,12,0.64
245,12,1
246,12,0.64
248,12,0.28
249,12,1
250,12,1
251,12,0.44
252,12,1
253,12,1
254,12,0.62
255,12,0.89
256,12,1
257,12,1
258,12,0.72
260,12,0.2
261,12,1
262,12,1
266,12,1
267,12,0.25
268,12,0.44
271,12,0.26
273,12,0.98
274,12,1
275,12,0.53
276,12,0.92
277,12,1
278,12,1
279,12,0.25
281,12,0.67
282,12,1
283,12,1
284,12,0.61
285,12,0.79
288,12,0.77
289,12,0.7
290,12,0.68
293,12,0.84
294,12,0.13
295,12,1
297,12,1
300,12,0.31
301,12,0.47
302,12,1
303,12,1
305,12,1
307,12,1
308,12,0.21
309,12,1
310,12,0.81
311,12,0.49
312,12,0.37
313,12,0.5
314,12,1
315,12,0.73
317,12,0.6
318,12,0.21
319,12,1
320,12,1
321,12,0.69
322,12,0.55
323,12,0.41
325,12,0.59
327,12,0.29
328,12,1
329,12,1
330,12,1
331,12,1
334,12,0.41
335,12,1
336,12,0.4
337,12,0.33
338,12,0.76
340,12,0.3
341,12,1
342,12,0.71
343,12,0.21
344,12,0.68
345,12,0.57
346,12,0.53
347,12,1
348,12,0.46
349,12,0.36
350,12,1
351,12,0.27
352,12,1
353,12,0.92
354,12,0.97
355,12,0.58
356,12,1
358,12,0.96
360,12,0.66
361,12,1
364,12,1
366,12,0.6
368,12,0.76
369,12,0.47
370,12,0.51
371,12,1
372,12,0.42
374,12,0.3
375,12,0.79
376,12,0.63
377,12,0.29
379,12,0.49
380,12,0.67
382,12,0.63
383,12,0.45
384,12,1
385,12,0.82
386,12,1
388,12,0.61
391,12,1
392,12,0.33
393,12,1
396,12,1
397,12,1
398,12,1
399,12,0.75
400,12,0.62
401,12,1
402,12,1
403,12,1
404,12,1
405,12,0.52
406,12,1
407,12,0.51
409,12,1
410,12,0.12
412,12,0.58
413,12,1
414,12,0.07
415,12,1
416,12,0.13
417,12,1
419,12,1
420,12,1
421,12,0.36
423,12,1
424,12,0.57
425,12,0.48
426,12,0.64
427,12,0.27
428,12,1
429,12,0.69
430,12,0.67
431,12,1
432,12,0.35
433,12,1
434,12,0.21
436,12,1
437,12,0.98
439,12,1
440,12,0.63
441,12,0.74
442,12,0.95
443,12,0.52
444,12,0.82
445,12,1
446,12,0.56
447,12,0.52
448,12,1
450,12,0.37
452,12,0.86
454,12,1
455,12,1
456,12,0.76
457,12,0.83
458,12,0.55
459,12,0.82
460,12,0.35
461,12,1
462,12,0.46
463,12,0.5
464,12,0.41
465,12,0.62
466,12,1
467,12,0.61
468,12,1
469,12,0.19
471,12,0.22
472,12,1
473,12,0.61
474,12,0.44
475,12,1
476,12,1
477,12,0.03
478,12,0.57
480,12,1
481,12,1
482,12,0.89
483,12,1
484,12,0.17
486,12,0.36
487,12,0.75
491,12,1
492,12,0.68
493,12,0.71
494,12,0.12
495,12,0.93
496,12,0.97
497,12,0.65
499,12,0.42
501,12,1
502,12,1
503,12,0.87
504,12,1
505,12,0.03
506,12,1
507,12,0.99
508,12,1
509,12,1
510,12,0.64
511,12,1
512,12,0.96
513,12,0.51
514,12,1
515,12,1
516,12,0.44
517,12,1
518,12,1
519,12,1
522,12,1
523,12,0.7
524,12,0.54
525,12,1
528,12,0.22
530,12,0.3
532,12,0.48
533,12,0.75
534,12,0.08
535,12,1
536,12,0.99
537,12,1
538,12,1
539,12,1
540,12,1
541,12,1
542,12,0.47
544,12,0.73
545,12,0.54
546,12,0.23
547,12,1
550,12,1
551,12,1
552,12,1
553,12,0.28
554,12,1
555,12,1
557,12,0.42
558,12,0.27
559,12,1
563,12,0.36
564,12,1
565,12,1
568,12,0.88
569,12,1
570,12,1
571,12,1
572,12,0.09
575,12,0.47
577,12,0.37
578,12,1
579,12,1
580,12,1
582,12,0.43
583,12,0.97
584,12,1
585,12,0.64
586,12,0.37
587,12,0.51
589,12,0.57
590,12,0.75
591,12,1
592,12,0.14
593,12,1
594,12,1
595,12,0.64
597,12,1
599,12,0.56
600,12,0.54
2,13,1
3,13,0.69
5,13,1
6,13,0.04
7,13,1
9,13,1
10,13,0.01
11,13,0.17
14,13,1
16,13,1
17,13,0.12
19,13,1
20,13,0.85
21,13,0.94
22,13,1
25,13,1
28,13,1
29,13,1
30,13,0.24
31,13,0.21
32,13,0.27
34,13,0.24
35,13,1
36,13,0.13
37,13,0.53
40,13,0.72
42,13,0.89
43,13,0.13
48,13,0.98
49,13,1
51,13,0.12
54,13,0.72
55,13,1
58,13,1
61,13,1
63,13,0.05
65,13,1
66,13,0.67
67,13,1
68,13,0.16
69,13,0.77
72,13,0.95
73,13,0.79
74,13,0.25
76,13,1
79,13,0.05
80,13,0.12
82,13,0.46
85,13,0.7
86,13,1
87,13,1
88,13,0.5
90,13,0.19
91,13,1
93,13,1
95,13,0.15
96,13,1
98,13,1
102,13,0.12
105,13,0.15
107,13,1
110,13,0.14
111,13,0.77
113,13,0.84
117,13,1
121,13,0.17
122,13,1
125,13,1
126,13,1
127,13,0.42
128,13,0.88
129,13,0.66
131,13,1
132,13,0.05
133,13,0.13
135,13,1
136,13,0.14
137,13,1
138,13,0.11
139,13,0.02
140,13,1
143,13,0.16
145,13,0.15
146,13,0.79
150,13,0.96
151,13,1
152,13,0.79
155,13,0.8
156,13,0.93
157,13,1
159,13,0.3
162,13,0.01
163,13,1
167,13,0.78
168,13,1
169,13,0.78
172,13,1
175,13,0.8
177,13,0.07
178,13,1
179,13,0.26
183,13,0.19
185,13,0.18
186,13,0.13
190,13,1
193,13,0.17
194,13,1
196,13,1
197,13,0.3
200,13,1
201,13,1
202,13,0.18
204,13,1
207,13,0.54
208,13,0.29
209,13,0.57
215,13,0.92
217,13,0.86
218,13,0.15
219,13,1
220,13,0.69
226,13,1
229,13,0.11
232,13,0.29
233,13,1
235,13,0.22
239,13,1
242,13,0.29
245,13,1
249,13,0.77
250,13,1
252,13,0.23
253,13,1
255,13,0.97
256,13,0.03
257,13,1
261,13,0.66
262,13,0.94
266,13,1
268,13,0.08
273,13,0.33
274,13,0.77
276,13,1
277,13,0.12
278,13,1
281,13,0.23
282,13,1
283,13,1
285,13,1
288,13,0.98
293,13,1
294,13,0.09
295,13,0.76
297,13,0.5
302,13,0.84
303,13,0.17
305,13,0.91
307,13,1
309,13,0.47
310,13,1
313,13,0.02
314,13,1
319,13,0.46
320,13,0.31
325,13,0.06
327,13,0.23
328,13,0.88
329,13,1
330,13,1
331,13,1
334,13,0.06
335,13,1
337,13,0.05
341,13,1
343,13,0.14
347,13,0.32
350,13,1
351,13,0.14
352,13,0.43
353,13,1
354,13,0.72
356,13,0.07
358,13,0.12
360,13,0.12
361,13,1
364,13,0.58
371,13,0.62
374,13,0.06
379,13,0.26
383,13,0.02
384,13,1
385,13,1
386,13,1
391,13,0.19
393,13,1
396,13,1
397,13,0.24
398,13,0.2
399,13,0.12
401,13,0.82
402,13,1
403,13,0.22
404,13,0.37
406,13,0.8
409,13,1
412,13,0.11
413,13,0.85
415,13,0.76
417,13,0.45
419,13,0.01
420,13,0.06
423,13,0.69
427,13,0.06
428,13,1
431,13,0.78
432,13,0.15
433,13,1
436,13,0.66
437,13,0.93
439,13,0.46
441,13,0.18
442,13,1
444,13,0.3
445,13,1
448,13,1
452,13,0.28
454,13,1
455,13,1
456,13,0.06
457,13,0.9
458,13,0.01
461,13,1
463,13,0.08
465,13,0.25
466,13,0.93
467,13,0.1
468,13,1
471,13,0.17
472,13,0.72
475,13,0.37
476,13,0.97
478,13,0.12
480,13,1
481,13,0.31
482,13,1
483,13,0.11
484,13,0.1
487,13,1
491,13,0.81
495,13,1
496,13,0.83
499,13,0.04
501,13,1
502,13,0.99
503,13,1
504,13,1
505,13,0.16
506,13,0.74
507,13,0.48
508,13,0.98
509,13,1
510,13,0.2
511,13,0.66
512,13,0.94
514,13,0.8
515,13,1
517,13,1
518,13,0.3
519,13,1
522,13,0.76
525,13,0.5
532,13,0.1
535,13,0.81
536,13,1
537,13,1
538,13,1
539,13,1
540,13,1
541,13,1
542,13,0.06
545,13,0.01
547,13,1
550,13,1
551,13,0.17
552,13,0.28
553,13,0.16
554,13,1
555,13,1
559,13,0.66
560,13,0.1
564,13,0.53
565,13,1
568,13,1
569,13,0.31
570,13,0.65
571,13,0.77
578,13,1
579,13,1
580,13,1
583,13,1
584,13,0.89
587,13,0.23
589,13,0.19
590,13,0.23
591,13,1
592,13,0.09
593,13,0.94
594,13,0.46
597,13,0.49
2,14,1
3,14,0.2
5,14,1
7,14,1
9,14,0.44
14,14,1
16,14,1
19,14,1
20,14,1
21,14,0.94
22,14,0.78
25,14,1
28,14,0.45
29,14,0.85
32,14,0.64
34,14,0.23
35,14,1
37,14,0.21
40,14,0.1
42,14,1
48,14,0.29
49,14,1
54,14,0.6
55,14,0.86
58,14,0.95
61,14,1
65,14,1
67,14,1
69,14,0.8
72,14,1
73,14,0.85
74,14,0.46
76,14,0.87
82,14,0.08
85,14,0.27
86,14,0.97
87,14,1
88,14,0.51
91,14,0.89
93,14,0.6
96,14,0.4
98,14,1
107,14,1
111,14,0.64
112,14,0.75
113,14,1
117,14,0.98
122,14,0.84
125,14,1
126,14,0.88
127,14,0.53
128,14,0.4
129,14,0.34
131,14,1
133,14,0.02
135,14,0.04
137,14,1
138,14,0.64
140,14,1
145,14,0.36
146,14,1
150,14,0.8
151,14,0.64
152,14,1
155,14,0.42
156,14,0.06
157,14,1
163,14,1
167,14,1
168,14,0.81
169,14,1
172,14,1
175,14,0.74
178,14,1
179,14,0.32
186,14,0.44
190,14,0.02
194,14,0.51
196,14,1
197,14,0.72
200,14,1
201,14,1
204,14,1
207,14,0.49
208,14,0.66
209,14,0.45
215,14,0.41
217,14,1
219,14,0.16
220,14,0.59
226,14,0.35
232,14,0.27
233,14,0.75
239,14,1
245,14,1
249,14,0.42
250,14,1
252,14,0.27
253,14,0.87
255,14,0.12
256,14,0.01
257,14,0.21
261,14,0.57
262,14,0.34
266,14,1
273,14,0.17
274,14,0.22
276,14,0.77
277,14,0.64
278,14,1
282,14,1
283,14,0.44
285,14,1
288,14,0.96
293,14,0.84
295,14,0.66
297,14,0.25
302,14,0.45
303,14,0.19
305,14,0.22
307,14,0.76
309,14,0.26
310,14,0.75
314,14,1
319,14,0.48
320,14,0.11
328,14,0.63
329,14,1
330,14,1
331,14,1
335,14,0.89
341,14,1
347,14,0.35
350,14,0.46
352,14,0.33
354,14,0.09
356,14,0.7
358,14,0.44
361,14,0.99
364,14,0.17
371,14,0.37
384,14,1
385,14,0.81
386,14,1
391,14,0.52
393,14,1
396,14,1
397,14,0.3
398,14,0.39
401,14,0.37
402,14,0.24
403,14,0.43
404,14,0.29
406,14,0.77
409,14,0.91
413,14,1
415,14,0.2
417,14,0.73
419,14,0.37
420,14,0.78
423,14,0.77
428,14,1
431,14,1
433,14,1
436,14,0.22
437,14,0.5
439,14,0.56
442,14,0.78
444,14,0.09
445,14,0.6
448,14,1
452,14,0.42
454,14,1
455,14,1
457,14,1
459,14,0.42
461,14,0.75
466,14,0.44
468,14,1
472,14,0.35
475,14,0.12
476,14,1
480,14,0.76
481,14,0.23
482,14,0.88
483,14,0.09
487,14,1
491,14,0.32
495,14,0.69
496,14,0.78
501,14,0.14
502,14,1
503,14,0.99
504,14,1
506,14,0.25
507,14,0.28
508,14,1
509,14,1
511,14,0.63
512,14,0.67
514,14,1
515,14,1
517,14,0.13
518,14,0.08
519,14,0.91
522,14,0.7
525,14,0.54
535,14,0.77
536,14,1
537,14,1
538,14,0.35
539,14,1
540,14,0.96
541,14,1
547,14,1
550,14,1
551,14,0.07
552,14,0.08
554,14,1
555,14,1
559,14,0.26
564,14,0.7
565,14,0.08
568,14,1
570,14,0.27
571,14,0.87
578,14,1
579,14,1
580,14,0.49
584,14,1
591,14,1
593,14,0.5
594,14,0.3
597,14,0.58
2,15,1
3,15,0.89
4,15,0.21
5,15,0.96
6,15,0.76
7,15,0.23
9,15,0.83
10,15,0.51
11,15,0.53
12,15,0.13
13,15,0.68
14,15,0.38
15,15,0.01
16,15,0.68
17,15,0.4
19,15,0.4
20,15,0.29
21,15,0.14
22,15,0.82
23,15,0.16
24,15,0.62
25,15,0.98
28,15,0.63
29,15,0.09
30,15,0.07
31,15,0.76
32,15,0.94
33,15,0.01
34,15,1
35,15,0.88
36,15,0.21
37,15,0.52
39,15,0.57
40,15,0.74
41,15,0.29
42,15,0.49
43,15,0.44
44,15,0.81
47,15,0.86
48,15,0.53
49,15,0.31
50,15,0.46
51,15,0.43
53,15,0.5
54,15,0.63
55,15,0.15
57,15,0.14
58,15,0.06
60,15,0.19
61,15,0.67
63,15,0.49
64,15,0.35
65,15,0.05
66,15,0.62
67,15,0.69
68,15,0.6
69,15,0.63
71,15,0.28
72,15,0.48
73,15,0.23
74,15,0.67
76,15,0.91
77,15,0.29
79,15,0.31
80,15,0.31
82,15,0.67
83,15,0.02
84,15,0.36
85,15,0.6
86,15,0.04
87,15,0.09
88,15,0.56
89,15,0.05
90,15,0.54
91,15,0.62
93,15,0.93
94,15,0.37
95,15,0.06
96,15,0.52
98,15,0.57
102,15,0.89
105,15,0.71
106,15,0.01
107,15,0.8
108,15,0.69
109,15,0.02
111,15,0.75
112,15,0.57
113,15,0.19
114,15,0.13
115,15,0.21
117,15,0.79
121,15,0.43
122,15,0.45
125,15,0.66
126,15,0.18
127,15,0.79
128,15,0.92
129,15,0.88
130,15,0.77
131,15,0.68
132,15,0.51
133,15,0.62
135,15,0.88
136,15,0.07
137,15,0.65
138,15,0.71
139,15,1
140,15,0.52
141,15,0.5
142,15,0.1
143,15,0.62
145,15,0.98
146,15,0.65
149,15,0.27
150,15,0.94
151,15,0.72
152,15,0.54
155,15,0.65
156,15,0.54
157,15,0.15
159,15,0.23
160,15,0.17
161,15,0.95
162,15,0.57
163,15,0.29
166,15,0.41
167,15,0.72
168,15,0.35
169,15,0.77
170,15,0.27
172,15,0.12
173,15,0.8
175,15,0.7
177,15,0.03
178,15,0.82
179,15,0.58
182,15,0.35
183,15,0.77
184,15,0.39
185,15,0.15
186,15,0.68
187,15,0.33
190,15,0.68
192,15,0.54
193,15,0.64
194,15,0.64
195,15,0.48
196,15,0.2
197,15,0.52
198,15,0.19
200,15,0.4
201,15,0.39
202,15,0.21
203,15,0.07
204,15,0.63
205,15,0.04
206,15,0.61
207,15,0.55
208,15,0.7
209,15,0.82
210,15,0.41
211,15,0.15
212,15,0.2
213,15,0.31
214,15,0.55
215,15,0.76
217,15,0.79
218,15,0.2
219,15,0.75
220,15,0.75
222,15,0.01
223,15,0.16
225,15,0.3
226,15,0.71
227,15,0.46
229,15,0.89
231,15,0.4
232,15,0.57
233,15,0.41
235,15,0.67
236,15,0.47
238,15,0.45
239,15,0.87
240,15,0.12
241,15,0.03
242,15,0.99
245,15,0.41
246,15,0.1
248,15,0.06
249,15,0.98
250,15,0.03
251,15,0.53
252,15,0.71
253,15,0.45
254,15,0.3
255,15,0.96
256,15,0.95
257,15,0.57
258,15,1
260,15,0.24
261,15,0.56
262,15,0.57
266,15,0.69
267,15,0.83
268,15,0.22
271,15,0.4
273,15,0.8
274,15,0.52
275,15,0.45
276,15,0.42
277,15,0.53
278,15,0.02
279,15,0.74
281,15,0.68
282,15,0.24
283,15,0.85
284,15,0.22
285,15,0.78
288,15,0.32
289,15,0.5
290,15,0.92
293,15,0.51
294,15,0.43
295,15,0.69
297,15,0.5
300,15,0.72
301,15,0.81
302,15,0.78
303,15,0.99
305,15,0.86
307,15,0.59
308,15,0.85
309,15,0.64
310,15,0.1
311,15,0.21
312,15,0.84
313,15,0.36
314,15,0.98
315,15,0.48
317,15,0.31
318,15,0.01
319,15,0.75
320,15,0.76
321,15,0.34
322,15,0.16
323,15,0.3
325,15,0.03
327,15,0.14
328,15,0.96
329,15,0.88
330,15,0.42
331,15,0.14
334,15,0.08
335,15,0.48
336,15,0.19
337,15,0.9
338,15,0.48
340,15,0.44
341,15,0.58
342,15,0.47
343,15,0.45
344,15,0.29
345,15,0.02
346,15,0.22
347,15,0.99
348,15,0.03
349,15,0.6
350,15,0.66
351,15,0.12
352,15,0.73
353,15,0.8
354,15,0.51
355,15,0.11
356,15,0.74
358,15,0.58
360,15,0.51
364,15,0.92
366,15,0.23
368,15,0.28
369,15,0.98
370,15,0.69
371,15,0.95
372,15,0.48
373,15,0.03
375,15,0.62
376,15,0.35
377,15,0.33
379,15,0.54
380,15,0.42
382,15,0.23
383,15,0.49
384,15,0.42
385,15,0.47
386,15,0.21
388,15,0.36
391,15,0.71
392,15,0.49
393,15,0.4
396,15,0.87
397,15,0.84
398,15,0.68
399,15,0.85
400,15,0.63
401,15,0.5
402,15,0.94
403,15,0.85
404,15,0.69
405,15,0.41
406,15,0.6
407,15,0.26
409,15,0.96
410,15,0.35
412,15,0.63
413,15,0.64
414,15,0.42
415,15,0.65
416,15,0.01
417,15,0.62
419,15,0.8
420,15,0.9
421,15,0.37
423,15,0.72
424,15,0.42
425,15,0.44
426,15,0.17
427,15,0.4
428,15,0.83
429,15,0.19
430,15,0.14
431,15,0.48
432,15,0.74
433,15,0.52
434,15,0.03
436,15,0.8
437,15,0.93
439,15,0.55
440,15,0.57
441,15,0.26
442,15,0.73
443,15,0.22
444,15,0.59
445,15,0.96
446,15,0.4
447,15,0.21
448,15,0.18
450,15,0.63
452,15,0.91
454,15,0.11
455,15,0.08
456,15,0.33
457,15,0.51
458,15,0.35
459,15,0.81
460,15,0.31
461,15,0.96
462,15,0.13
463,15,0.67
464,15,0.04
465,15,0.49
466,15,0.68
467,15,0.8
468,15,0.12
469,15,0.11
471,15,0.66
472,15,0.93
473,15,0.56
474,15,0.39
475,15,0.72
477,15,0.21
478,15,0.08
480,15,0.54
481,15,0.72
482,15,0.71
483,15,0.53
484,15,0.13
486,15,0.49
487,15,0.97
491,15,0.82
492,15,0.28
493,15,0.78
495,15,0.63
496,15,0.07
497,15,0.13
499,15,0.67
501,15,0.67
502,15,0.3
503,15,0.55
504,15,0.15
505,15,0.19
506,15,0.5
507,15,0.5
508,15,0.84
509,15,0.1
510,15,0.24
511,15,0.95
512,15,0.71
513,15,0.61
515,15,0.13
516,15,0.02
517,15,0.78
518,15,0.95
519,15,0.86
522,15,0.78
523,15,0.43
524,15,0.19
525,15,0.97
528,15,0.21
530,15,0.07
532,15,0.02
533,15,0.33
534,15,0.05
535,15,0.77
536,15,0.53
537,15,0.8
538,15,0.95
539,15,0.13
540,15,0.56
541,15,0.73
542,15,0.88
544,15,0.32
545,15,0.23
546,15,0.75
547,15,0.11
551,15,0.85
552,15,0.53
553,15,0.21
554,15,0.46
555,15,0.06
557,15,0.4
558,15,0.27
559,15,0.77
560,15,0.38
563,15,0.03
564,15,0.72
565,15,0.59
568,15,0.58
569,15,0.65
570,15,0.72
571,15,0.47
572,15,0.23
575,15,0.21
577,15,0.01
578,15,0.07
579,15,0.11
580,15,0.96
582,15,0.05
583,15,0.82
584,15,0.49
585,15,0.83
586,15,0.7
587,15,0.61
589,15,0.31
590,15,0.7
591,15,0.4
592,15,0.26
593,15,0.56
594,15,0.98
595,15,0.32
597,15,0.66
599,15,0.71
600,15,0.04
2,16,0.99
3,16,1
4,16,0.43
5,16,0.35
6,16,0.9
7,16,0.32
9,16,1
10,16,0.56
11,16,0.77
12,16,0.06
13,16,0.92
14,16,0.57
15,16,0.35
16,16,0.64
17,16,0.66
19,16,0.46
20,16,0.21
21,16,0.26
22,16,1
23,16,0.97
24,16,0.26
25,16,1
28,16,0.97
29,16,0.98
30,16,0.52
31,16,0.47
32,16,1
33,16,0.2
34,16,0.73
35,16,0.48
36,16,0.62
37,16,1
39,16,0.84
40,16,0.87
41,16,0.13
42,16,0.35
43,16,0.71
44,16,0.99
47,16,0.25
48,16,0.72
49,16,0.23
50,16,0.03
51,16,0.17
53,16,0.6
54,16,1
55,16,0.22
57,16,0.06
58,16,0.51
60,16,0.93
61,16,0.7
63,16,0.58
64,16,0.19
65,16,0.42
66,16,1
67,16,0.95
68,16,0.7
69,16,0.97
71,16,0.39
72,16,1
73,16,0.52
74,16,0.8
76,16,1
77,16,0.95
79,16,0.3
80,16,0.13
82,16,1
83,16,0.1
84,16,0.66
85,16,1
86,16,0.96
87,16,0.91
88,16,0.6
89,16,0.04
90,16,0.64
91,16,0.37
93,16,1
94,16,0.36
95,16,0.05
96,16,0.63
98,16,1
100,16,0.43
102,16,0.98
105,16,0.44
106,16,0.94
107,16,0.62
108,16,0.99
109,16,0.47
110,16,0.62
111,16,1
112,16,0.58
113,16,0.87
114,16,0.92
115,16,0.76
117,16,0.88
121,16,0.39
122,16,0.96
125,16,0.83
126,16,0.29
127,16,1
128,16,0.86
129,16,0.95
130,16,0.62
131,16,1
132,16,0.54
133,16,1
135,16,0.94
136,16,0.38
137,16,0.46
138,16,0.93
139,16,0.27
140,16,0.38
141,16,0.07
142,16,0.91
143,16,0.63
145,16,0.95
146,16,0.33
149,16,0.9
150,16,0.58
151,16,0.81
152,16,0.42
155,16,0.81
156,16,0.9
157,16,0.68
159,16,0.37
160,16,0.6
161,16,0.68
162,16,0.73
163,16,1
166,16,0.73
167,16,0.57
168,16,1
169,16,0.22
170,16,0.23
172,16,0.31
173,16,1
175,16,0.65
177,16,0.14
178,16,0.69
179,16,1
182,16,0.2
183,16,0.26
184,16,0.94
185,16,0.16
186,16,0.71
187,16,1
190,16,1
192,16,0.79
193,16,0.27
194,16,1
195,16,0.62
196,16,0.29
197,16,0.65
198,16,0.62
200,16,1
201,16,0.98
202,16,0.01
203,16,0.34
204,16,0.25
205,16,0.69
206,16,0.92
207,16,0.58
208,16,1
209,16,0.67
210,16,0.74
211,16,0.26
212,16,0.51
213,16,0.75
214,16,0.52
215,16,0.89
217,16,1
218,16,1
219,16,0.51
220,16,0.78
222,16,0.2
223,16,0.48
225,16,0.33
226,16,1
227,16,0.81
229,16,0.78
231,16,0.88
232,16,1
233,16,0.98
235,16,0.62
236,16,0.95
238,16,0.25
239,16,1
240,16,0.26
241,16,0.43
242,16,0.97
245,16,0.76
246,16,0.12
248,16,0.43
249,16,0.54
250,16,0.51
251,16,0.65
252,16,1
253,16,1
254,16,0.12
255,16,1
256,16,0.7
257,16,1
258,16,0.43
260,16,0.02
261,16,1
262,16,0.91
266,16,0.22
267,16,0.39
268,16,0.34
271,16,0.07
273,16,0.57
274,16,1
275,16,0.97
276,16,1
277,16,1
278,16,0.37
279,16,0.61
281,16,0.63
282,16,1
283,16,0.87
284,16,0.21
285,16,1
288,16,1
289,16,0.45
290,16,0.73
293,16,0.76
294,16,0.38
295,16,1
297,16,1
300,16,0.38
301,16,0.93
302,16,1
303,16,1
305,16,0.95
307,16,1
308,16,0.24
309,16,0.78
310,16,0.65
311,16,0.81
312,16,0.94
313,16,0.54
314,16,0.79
315,16,0.41
317,16,0.35
318,16,0.81
319,16,0.71
320,16,0.86
321,16,0.89
322,16,0.46
323,16,0.16
325,16,0.38
327,16,0.27
328,16,1
329,16,0.77
330,16,1
331,16,0.59
334,16,0.38
335,16,0.88
336,16,0.33
337,16,0.36
338,16,0.93
340,16,0.43
341,16,0.33
342,16,0.48
343,16,0.39
344,16,0.92
345,16,0.26
346,16,0.75
347,16,0.72
348,16,0.09
349,16,0.42
350,16,0.96
351,16,0.5
352,16,0.5
353,16,0.82
354,16,1
355,16,0.16
356,16,0.89
358,16,1
360,16,0.22
361,16,1
364,16,1
366,16,0.62
368,16,0.33
369,16,0.99
370,16,0.32
371,16,1
372,16,0.57
373,16,0.8
374,16,0.07
375,16,0.67
376,16,0.7
377,16,0.37
379,16,0.82
380,16,0.74
382,16,0.35
383,16,0.21
384,16,0.7
385,16,1
386,16,0.74
388,16,0.81
391,16,0.97
392,16,0.52
393,16,0.84
396,16,0.33
397,16,1
398,16,0.53
399,16,1
400,16,0.59
401,16,1
402,16,0.8
403,16,0.97
404,16,1
405,16,0.67
406,16,0.69
407,16,0.26
409,16,0.3
410,16,0.72
412,16,0.35
413,16,1
414,16,0.82
415,16,1
416,16,0.46
417,16,1
419,16,0.75
420,16,0.57
421,16,0.97
423,16,1
424,16,0.74
425,16,0.92
426,16,0.17
427,16,0.3
428,16,0.95
429,16,0.41
430,16,0.33
431,16,0.75
432,16,0.76
433,16,0.22
434,16,0.67
436,16,1
437,16,0.98
439,16,0.86
440,16,0.6
441,16,0.37
442,16,0.24
443,16,0.49
444,16,1
445,16,0.73
446,16,0.23
447,16,0.96
448,16,0.34
450,16,0.65
452,16,1
454,16,0.77
455,16,0.47
456,16,0.54
457,16,0.66
458,16,0.35
459,16,1
460,16,0.64
461,16,0.89
462,16,0.97
463,16,0.55
464,16,0.51
465,16,0.38
466,16,0.83
467,16,0.84
468,16,0.92
469,16,0.94
471,16,0.97
472,16,1
473,16,0.81
474,16,0.15
475,16,1
476,16,0.41
477,16,0.29
478,16,0.87
480,16,0.3
481,16,0.72
482,16,0.83
483,16,0.7
484,16,0.95
486,16,0.67
487,16,0.86
491,16,1
492,16,0.23
493,16,0.24
494,16,0.6
495,16,1
496,16,0.23
497,16,0.15
499,16,0.64
501,16,1
502,16,0.44
503,16,0.21
504,16,0.79
505,16,0.43
506,16,1
507,16,1
508,16,0.84
509,16,1
510,16,0.87
511,16,0.55
512,16,1
513,16,0.78
514,16,1
515,16,1
516,16,0.09
517,16,0.97
518,16,1
519,16,0.57
522,16,1
523,16,0.97
525,16,1
528,16,0.39
530,16,0.98
532,16,0.2
533,16,0.46
534,16,0.83
535,16,1
536,16,0.65
537,16,0.29
538,16,0.89
539,16,0.98
540,16,0.59
541,16,0.35
542,16,0.22
544,16,0.24
545,16,0.83
546,16,0.96
547,16,1
550,16,0.81
551,16,0.72
552,16,1
553,16,0.6
554,16,0.89
555,16,1
557,16,0.37
558,16,0.7
559,16,0.98
560,16,0.18
563,16,0.01
564,16,0.73
565,16,1
568,16,0.48
569,16,1
570,16,0.73
571,16,1
572,16,0.68
575,16,0.48
577,16,0.36
578,16,0.61
579,16,0.81
580,16,0.9
582,16,0.82
583,16,0.64
584,16,0.22
585,16,0.91
586,16,0.27
587,16,0.49
589,16,0.88
590,16,0.65
591,16,0.46
592,16,0.87
593,16,0.54
594,16,0.54
595,16,0.62
597,16,1
599,16,0.25
600,16,0.37
1,17,0.93
6,17,0.57
8,17,1
10,17,0.88
11,17,0.2
13,17,0.14
18,17,1
24,17,0.83
26,17,0.83
27,17,0.84
31,17,0.27
36,17,0.25
38,17,0.55
41,17,0.49
43,17,0.39
44,17,0.76
45,17,0.76
46,17,1
47,17,0.12
50,17,0.34
51,17,0.31
52,17,1
53,17,0.34
56,17,0.75
57,17,0.15
59,17,0.96
62,17,0.5
63,17,0.42
68,17,0.96
70,17,0.99
71,17,0.3
75,17,1
78,17,0.94
81,17,0.97
83,17,0.34
84,17,0.45
90,17,0.82
92,17,1
94,17,0.31
95,17,0.04
97,17,0.67
99,17,0.63
101,17,0.61
102,17,0.03
103,17,0.55
104,17,0.79
110,17,0.41
114,17,0.46
116,17,0.67
118,17,0.7
119,17,1
120,17,0.92
121,17,0.47
123,17,0.69
124,17,1
130,17,0.58
134,17,1
139,17,0.91
143,17,0.47
144,17,1
147,17,0.82
148,17,1
153,17,1
154,17,0.52
158,17,0.8
159,17,0.29
160,17,0.19
161,17,0.24
164,17,1
165,17,1
170,17,0.24
171,17,1
173,17,0.27
174,17,0.58
176,17,0.74
180,17,0.84
181,17,1
182,17,0.93
184,17,0.88
185,17,0.29
188,17,0.57
189,17,0.76
191,17,0.62
192,17,0.7
193,17,0.07
195,17,0.18
198,17,0.46
199,17,0.69
203,17,0.54
206,17,0.01
210,17,0.14
213,17,0.13
214,17,0.03
216,17,1
221,17,1
223,17,0.15
224,17,1
225,17,0.14
227,17,0.4
228,17,0.79
229,17,0.37
230,17,1
231,17,0.85
234,17,1
235,17,0.79
237,17,0.93
242,17,0.28
243,17,0.79
244,17,1
247,17,0.55
248,17,0.08
251,17,0.85
254,17,0.15
258,17,0.95
259,17,1
260,17,0.3
263,17,0.67
264,17,0.64
265,17,1
267,17,0.48
268,17,0.29
269,17,1
270,17,0.92
271,17,0.36
272,17,1
275,17,0.05
279,17,0.39
280,17,1
284,17,0.36
286,17,0.7
287,17,1
289,17,0.43
290,17,0.77
291,17,1
292,17,1
296,17,1
298,17,1
299,17,1
300,17,1
301,17,0.71
304,17,1
306,17,1
308,17,0.83
312,17,0.31
313,17,0.39
315,17,0.83
316,17,0.79
317,17,0.37
318,17,0.29
324,17,1
326,17,0.9
327,17,0.27
332,17,1
333,17,0.59
336,17,0.22
337,17,0.35
338,17,0.81
339,17,1
342,17,0.84
348,17,0.14
357,17,1
359,17,0.65
360,17,0.27
362,17,1
363,17,0.85
365,17,1
366,17,0.26
367,17,0.97
368,17,0.43
369,17,0.61
372,17,0.82
373,17,0.48
375,17,0.8
376,17,0.97
377,17,0.36
378,17,0.63
379,17,0.56
380,17,0.99
381,17,1
387,17,0.87
388,17,0.02
389,17,1
390,17,1
392,17,0.44
394,17,1
395,17,1
407,17,0.08
408,17,1
411,17,0.96
414,17,0.43
418,17,0.99
421,17,0.02
422,17,0.57
424,17,0.99
425,17,0.83
427,17,0.29
429,17,0.17
430,17,0.46
432,17,0.92
434,17,0.27
435,17,0.64
438,17,0.91
440,17,0.97
446,17,0.28
449,17,0.72
450,17,0.98
451,17,1
453,17,1
456,17,0.47
458,17,0.36
462,17,0.67
463,17,0.33
465,17,0.37
467,17,0.2
470,17,0.72
471,17,0.59
473,17,0.9
474,17,0.3
479,17,1
485,17,0.52
486,17,0.35
488,17,1
489,17,1
490,17,1
492,17,0.37
493,17,0.2
497,17,0.32
498,17,0.55
500,17,1
505,17,0.4
513,17,0.46
516,17,0.06
520,17,1
521,17,0.9
523,17,0.59
524,17,0.01
526,17,1
527,17,0.85
528,17,0.13
529,17,1
531,17,0.81
533,17,0.86
534,17,0.4
542,17,0.93
543,17,1
544,17,0.62
545,17,0.91
546,17,0.2
548,17,0.52
549,17,1
553,17,0.02
556,17,0.6
558,17,0.81
560,17,0.13
561,17,1
562,17,1
563,17,0.2
566,17,0.75
567,17,0.76
573,17,1
574,17,1
575,17,0.4
576,17,0.67
577,17,0.46
581,17,0.58
585,17,0.77
586,17,0.25
587,17,0.68
588,17,0.93
589,17,0.06
590,17,0.03
592,17,0.41
596,17,1
598,17,0.74
599,17,0.03
1,18,1
4,18,0.19
6,18,0.43
8,18,1
11,18,0.92
13,18,0.81
17,18,0.28
18,18,1
24,18,0.36
26,18,1
27,18,1
30,18,0.16
31,18,0.76
36,18,0.22
38,18,0.87
41,18,0.04
43,18,0.22
44,18,0.69
45,18,1
46,18,0.88
47,18,0.22
51,18,0.24
52,18,1
53,18,0.23
56,18,1
57,18,0.23
59,18,0.93
60,18,0.33
62,18,0.86
68,18,0.92
70,18,0.77
75,18,1
78,18,0.76
80,18,0.38
81,18,1
83,18,0.1
84,18,0.3
89,18,0.29
90,18,0.84
92,18,0.9
95,18,0.24
97,18,1
99,18,0.79
100,18,0.24
101,18,1
102,18,0.11
103,18,0.93
104,18,1
105,18,0.38
115,18,0.35
116,18,1
118,18,0.94
119,18,1
120,18,0.86
123,18,0.82
124,18,1
130,18,0.57
134,18,1
136,18,0.34
139,18,0.61
142,18,0.28
143,18,0.34
144,18,1
147,18,0.99
148,18,1
153,18,1
154,18,0.78
158,18,1
160,18,0.21
161,18,0.92
164,18,0.82
165,18,1
166,18,0.39
170,18,0.4
171,18,1
173,18,0.33
174,18,1
176,18,1
180,18,1
181,18,1
182,18,0.18
183,18,1
185,18,0.37
187,18,0.14
188,18,1
189,18,1
191,18,1
192,18,0.01
193,18,0.06
195,18,0.99
199,18,1
203,18,0.22
205,18,0.91
206,18,0.17
211,18,0.11
213,18,0.16
214,18,0.82
216,18,1
221,18,0.88
223,18,0.22
224,18,1
225,18,0.9
228,18,0.8
230,18,1
231,18,0.19
234,18,0.99
235,18,0.9
237,18,1
240,18,0.31
241,18,0.16
242,18,0.29
243,18,1
244,18,0.79
247,18,1
251,18,0.49
259,18,1
263,18,1
264,18,1
265,18,1
267,18,0.3
268,18,0.28
269,18,1
270,18,0.95
272,18,0.82
275,18,0.45
279,18,0.35
280,18,0.79
281,18,0.14
284,18,0.2
286,18,1
287,18,1
289,18,0.27
290,18,0.25
291,18,1
292,18,1
296,18,0.82
298,18,0.88
299,18,1
300,18,0.39
301,18,0.95
304,18,1
306,18,1
311,18,0.35
312,18,0.89
313,18,0.22
315,18,0.67
316,18,1
318,18,0.97
321,18,0.22
323,18,0.07
324,18,1
326,18,1
332,18,1
333,18,1
334,18,0.05
336,18,0.23
339,18,1
340,18,0.4
342,18,0.79
343,18,0.19
346,18,0.18
348,18,0.27
351,18,0.32
355,18,0.19
357,18,0.91
359,18,1
362,18,1
363,18,1
365,18,1
367,18,1
370,18,0.55
375,18,0.56
376,18,0.63
378,18,1
379,18,0.78
380,18,0.9
381,18,1
382,18,0.1
387,18,1
388,18,0.15
389,18,1
390,18,0.82
392,18,0.4
394,18,0.88
395,18,1
400,18,0.98
407,18,0.34
408,18,0.84
410,18,0.09
411,18,0.83
412,18,0.09
416,18,0.37
418,18,1
422,18,1
424,18,0.3
425,18,0.79
432,18,0.73
434,18,0.78
435,18,0.86
438,18,1
440,18,0.23
441,18,0.85
446,18,0.34
447,18,0.71
449,18,1
450,18,0.91
451,18,1
453,18,0.98
456,18,0.31
462,18,0.43
463,18,0.92
464,18,0.27
465,18,0.5
469,18,0.2
470,18,1
471,18,0.18
473,18,0.83
477,18,0.35
479,18,1
484,18,0.3
485,18,1
486,18,0.39
488,18,0.97
489,18,1
490,18,1
493,18,0.16
498,18,1
499,18,0.86
500,18,1
513,18,0.53
516,18,0.16
520,18,1
521,18,0.79
526,18,1
527,18,1
529,18,1
531,18,1
533,18,0.94
534,18,0.09
542,18,0.97
543,18,1
544,18,0.11
546,18,0.59
548,18,1
549,18,1
553,18,0.63
556,18,1
557,18,0.04
558,18,0.78
561,18,0.8
562,18,1
563,18,0.28
566,18,1
567,18,1
572,18,0.04
573,18,1
574,18,1
575,18,0.36
576,18,1
577,18,0.48
581,18,1
585,18,0.42
587,18,0.8
588,18,0.93
590,18,0.95
595,18,0.07
596,18,1
598,18,1
600,18,0.17
2,19,1
3,19,1
5,19,1
7,19,0.77
9,19,1
14,19,1
16,19,1
19,19,0.91
20,19,1
21,19,1
22,19,0.78
25,19,0.89
28,19,0.64
29,19,1
32,19,1
34,19,1
35,19,1
37,19,0.68
40,19,0.58
42,19,1
48,19,1
49,19,1
54,19,1
55,19,1
58,19,1
61,19,0.97
65,19,1
66,19,1
67,19,1
69,19,0.63
72,19,1
73,19,1
74,19,0.91
76,19,0.75
82,19,1
85,19,1
86,19,0.91
87,19,1
88,19,1
91,19,1
93,19,0.51
96,19,1
98,19,0.97
107,19,1
111,19,0.65
112,19,1
113,19,1
117,19,1
122,19,1
125,19,1
126,19,1
127,19,0.96
128,19,0.58
129,19,1
131,19,1
132,19,1
133,19,0.98
135,19,1
137,19,1
138,19,0.58
140,19,1
145,19,0.78
146,19,1
150,19,1
151,19,1
152,19,1
155,19,0.78
156,19,0.82
157,19,1
162,19,1
163,19,1
167,19,1
168,19,1
169,19,1
172,19,0.77
175,19,0.54
178,19,1
179,19,1
186,19,1
190,19,1
194,19,0.94
196,19,0.98
197,19,1
200,19,1
201,19,1
204,19,1
207,19,1
208,19,0.67
209,19,0.54
215,19,0.71
217,19,1
219,19,0.77
220,19,1
226,19,1
232,19,0.89
233,19,1
239,19,1
245,19,1
249,19,1
250,19,1
252,19,1
253,19,1
255,19,1
256,19,1
257,19,1
261,19,1
262,19,0.91
266,19,1
273,19,0.62
274,19,1
276,19,1
277,19,0.87
278,19,1
282,19,1
283,19,1
285,19,1
288,19,1
293,19,1
295,19,0.94
297,19,0.68
302,19,0.79
303,19,0.95
305,19,0.75
307,19,1
309,19,1
310,19,1
314,19,0.87
319,19,0.58
320,19,0.88
328,19,0.85
329,19,1
330,19,1
331,19,0.8
335,19,0.88
341,19,1
347,19,1
350,19,0.91
352,19,0.98
353,19,1
354,19,0.76
356,19,1
358,19,0.99
361,19,1
364,19,0.91
371,19,0.74
384,19,1
385,19,1
386,19,1
391,19,1
393,19,1
396,19,1
397,19,0.89
398,19,0.6
399,19,1
401,19,0.66
402,19,1
403,19,1
404,19,0.55
406,19,0.61
409,19,1
413,19,0.93
415,19,1
417,19,1
419,19,1
420,19,1
423,19,1
428,19,1
431,19,1
433,19,1
436,19,1
437,19,1
439,19,0.64
442,19,0.96
444,19,0.67
445,19,1
448,19,0.9
452,19,0.72
454,19,1
455,19,1
457,19,1
459,19,1
461,19,1
466,19,1
468,19,1
472,19,1
475,19,1
476,19,0.75
480,19,1
481,19,0.51
482,19,1
483,19,1
487,19,1
491,19,1
495,19,0.97
496,19,1
501,19,0.63
502,19,0.85
503,19,1
504,19,1
506,19,0.78
507,19,0.95
508,19,1
509,19,1
511,19,1
512,19,1
514,19,1
515,19,1
517,19,0.57
518,19,1
519,19,0.86
522,19,0.57
525,19,0.82
535,19,0.81
536,19,1
537,19,1
538,19,1
539,19,0.88
540,19,1
541,19,1
547,19,1
550,19,1
551,19,1
552,19,0.9
554,19,1
555,19,1
559,19,1
564,19,0.88
565,19,1
568,19,1
569,19,1
570,19,1
571,19,1
578,19,1
579,19,0.77
580,19,0.76
583,19,1
584,19,1
591,19,1
593,19,0.54
594,19,0.71
597,19,1
1,20,0.47
2,20,0.99
3,20,0.57
4,20,0.45
5,20,0.9
6,20,0.45
7,20,0.07
8,20,0.04
9,20,0.65
10,20,1
11,20,0.47
12,20,0.2
13,20,0.96
14,20,0.34
15,20,0.35
16,20,0.68
17,20,0.37
18,20,0.42
19,20,0.68
20,20,0.34
21,20,0.03
22,20,0.34
23,20,0.22
24,20,0.98
25,20,0.81
26,20,0.36
27,20,0.35
28,20,0.19
29,20,0.57
30,20,0.49
31,20,0.67
32,20,0.44
33,20,0.46
34,20,0.28
35,20,0.7
36,20,0.48
37,20,0.05
38,20,0.03
39,20,0.48
40,20,0.09
41,20,0.21
42,20,0.56
43,20,0.38
44,20,1
45,20,0.25
46,20,0.4
47,20,0.81
48,20,0.57
49,20,0.09
50,20,0.26
51,20,0.37
52,20,0.08
53,20,0.25
54,20,0.03
55,20,0.78
56,20,0.27
57,20,0.22
58,20,0.27
59,20,0.31
60,20,0.03
61,20,0.92
62,20,0.26
63,20,0.46
65,20,0.51
66,20,0.3
67,20,0.32
68,20,0.43
69,20,0.37
70,20,0.41
71,20,0.41
72,20,0.24
73,20,0.23
74,20,0.12
75,20,0.21
76,20,0.08
77,20,0.31
78,20,0.41
79,20,0.41
80,20,0.17
81,20,0.43
82,20,0.03
83,20,0.24
84,20,0.14
85,20,0.47
86,20,0.28
87,20,1
88,20,0.08
89,20,0.42
90,20,0.47
91,20,0.65
92,20,0.26
93,20,0.73
94,20,0.16
95,20,0.5
96,20,0.64
97,20,0.05
98,20,0.25
99,20,0.15
100,20,0.13
101,20,0.12
102,20,0.4
103,20,0.27
104,20,0.37
105,20,0.78
106,20,0.05
107,20,0.39
108,20,0.5
109,20,0.43
110,20,0.85
111,20,0.05
112,20,0.65
113,20,0.31
114,20,0.96
115,20,0.44
116,20,0.31
117,20,0.86
118,20,0.05
119,20,0.35
120,20,0.08
121,20,0.44
122,20,0.61
123,20,0.19
124,20,0.46
125,20,0.69
126,20,0.45
127,20,0.19
128,20,0.32
129,20,0.1
130,20,0.83
131,20,0.53
132,20,0.3
133,20,0.71
134,20,0.16
135,20,0.36
136,20,0.18
137,20,0.66
138,20,0.67
139,20,0.78
140,20,0.06
141,20,0.31
142,20,0.14
143,20,0.41
144,20,0.25
145,20,0.46
146,20,0.5
147,20,0.43
148,20,0.2
149,20,0.37
150,20,0.74
151,20,0.61
152,20,0.8
153,20,0.16
154,20,0.19
155,20,0.21
156,20,0.16
157,20,0.38
158,20,0.23
159,20,0.14
160,20,0.76
161,20,0.68
162,20,0.24
163,20,0.36
164,20,0.4
165,20,0.24
166,20,0.02
167,20,0.5
168,20,0.45
169,20,0.66
170,20,0.15
171,20,0.22
172,20,0.32
173,20,0.82
174,20,0.38
175,20,0.59
176,20,0.32
177,20,0.02
178,20,0.14
179,20,0.04
180,20,0.41
181,20,0.15
182,20,0.97
183,20,0.18
184,20,0.12
185,20,0.4
186,20,0.65
187,20,0.38
189,20,0.49
190,20,0.69
191,20,0.18
192,20,0.17
193,20,0.19
194,20,0.71
195,20,0.62
196,20,0.56
197,20,0.63
198,20,0.42
199,20,0.39
200,20,0.71
201,20,0.59
202,20,0.42
203,20,0.93
204,20,0.67
205,20,0.5
206,20,0.92
207,20,0.7
208,20,0.41
209,20,0.17
210,20,0.43
211,20,0.35
212,20,0.02
213,20,0.17
214,20,1
215,20,0.07
216,20,0.42
217,20,0.66
218,20,0.4
219,20,0.49
220,20,0.17
221,20,0.36
222,20,0.2
223,20,0.36
224,20,0.26
225,20,0.72
226,20,0.34
227,20,0.11
228,20,0.17
229,20,0.63
230,20,0.26
231,20,0.16
232,20,0.16
233,20,0.41
234,20,0.29
235,20,0.72
236,20,0.09
237,20,0.43
238,20,0.46
239,20,0.51
240,20,0.46
241,20,0.29
242,20,0.71
243,20,0.09
244,20,0.12
245,20,0.37
246,20,0.35
247,20,0.27
248,20,0.49
249,20,0.39
250,20,0.37
251,20,0.92
252,20,0.49
253,20,0.89
254,20,0.13
255,20,0.03
256,20,0.38
257,20,0.26
258,20,0.36
259,20,0.25
260,20,0.32
261,20,0.46
262,20,0.67
263,20,0.15
264,20,0.38
265,20,0.24
266,20,0.29
267,20,0.87
268,20,0.5
269,20,0.05
270,20,0.13
271,20,0.38
272,20,0.05
273,20,0.63
274,20,0.33
275,20,0.71
276,20,0.15
277,20,0.55
278,20,0.95
279,20,0.46
280,20,0.19
281,20,0.37
282,20,0.85
283,20,0.45
284,20,0.28
285,20,0.63
286,20,0.16
287,20,0.3
288,20,0.57
289,20,1
290,20,0.21
291,20,0.41
292,20,0.22
293,20,0.84
294,20,0.01
295,20,0.63
296,20,0.48
297,20,0.22
298,20,0.3
299,20,0.29
300,20,0.57
301,20,0.44
302,20,0.71
303,20,0.37
304,20,0.16
305,20,0.66
306,20,0.45
307,20,0.71
308,20,0.72
309,20,0.33
310,20,0.28
311,20,0.42
312,20,0.42
313,20,0.41
314,20,0.13
315,20,0.91
316,20,0.01
317,20,0.01
318,20,0.17
319,20,0.03
320,20,0.33
321,20,0.08
322,20,0.24
323,20,0.47
324,20,0.15
326,20,0.02
327,20,0.38
328,20,0.58
329,20,0.62
330,20,0.89
332,20,0.11
333,20,0.36
334,20,0.15
335,20,0.45
336,20,0.44
337,20,1
338,20,0.39
339,20,0.29
340,20,0.21
341,20,0.96
342,20,1
343,20,0.93
344,20,0.2
345,20,0.14
346,20,0.4
347,20,0.72
348,20,0.04
349,20,1
350,20,0.14
351,20,0.44
352,20,0.12
353,20,0.31
354,20,0.43
355,20,0.04
356,20,0.73
357,20,0.29
358,20,0.56
359,20,0.21
360,20,1
361,20,0.65
362,20,0.13
363,20,0.03
364,20,0.41
365,20,0.46
366,20,0.28
367,20,0.39
368,20,0.28
369,20,0.37
370,20,0.9
371,20,0.59
372,20,0.18
373,20,0.16
374,20,0.29
375,20,0.89
376,20,0.73
377,20,0.19
378,20,0.15
379,20,0.93
380,20,0.81
381,20,0.33
382,20,0.26
383,20,0.24
384,20,0.07
385,20,0.72
386,20,0.04
387,20,0.05
388,20,0.25
389,20,0.5
390,20,0.27
391,20,0.38
392,20,1
393,20,0.57
394,20,0.24
395,20,0.26
396,20,0.15
397,20,0.01
398,20,0.07
399,20,0.53
400,20,0.11
401,20,0.24
402,20,0.3
403,20,0.66
404,20,0.67
406,20,0.25
407,20,0.34
408,20,0.27
409,20,0.41
410,20,0.08
411,20,0.07
412,20,0.98
413,20,0.62
414,20,0.28
415,20,0.02
416,20,0.41
417,20,0.73
418,20,0.05
419,20,0.05
420,20,0.4
421,20,0.9
422,20,0.11
423,20,0.5
424,20,0.89
425,20,0.28
426,20,0.01
427,20,0.45
428,20,0.81
429,20,0.32
431,20,0.1
432,20,0.31
433,20,0.41
434,20,0.21
435,20,0.18
436,20,0.53
437,20,0.11
438,20,0.05
439,20,0.53
440,20,0.38
441,20,0.78
442,20,0.58
443,20,0.19
444,20,0.02
445,20,0.07
446,20,0.35
447,20,0.24
448,20,0.71
449,20,0.04
450,20,0.12
451,20,0.43
452,20,0.32
453,20,0.49
454,20,0.2
455,20,0.7
456,20,0.69
457,20,0.76
458,20,0.08
459,20,0.21
460,20,0.28
461,20,0.99
462,20,0.76
463,20,0.64
464,20,0.11
465,20,1
466,20,0.62
467,20,0.93
468,20,0.8
469,20,0.5
470,20,0.27
471,20,0.91
472,20,0.22
473,20,0.54
474,20,0.49
475,20,0.47
476,20,0.27
477,20,0.2
478,20,0.48
479,20,0.18
480,20,0.5
481,20,0.5
482,20,0.55
483,20,0.27
484,20,0.34
485,20,0.2
486,20,0.09
487,20,0.4
488,20,0.15
489,20,0.15
490,20,0.05
491,20,0.73
492,20,0.4
493,20,0.9
494,20,0.44
495,20,0.23
496,20,0.98
497,20,0.32
498,20,0.35
499,20,0.26
500,20,0.33
501,20,0.58
502,20,0.3
503,20,0.35
504,20,0.92
505,20,0.28
506,20,0.57
507,20,0.49
508,20,0.2
509,20,0.24
510,20,0.03
511,20,0.56
512,20,0.36
513,20,0.6
514,20,0.54
515,20,0.13
516,20,0.49
517,20,0.19
518,20,0.47
519,20,0.89
520,20,0.4
521,20,0.28
522,20,0.03
523,20,0.81
524,20,0.39
525,20,0.04
526,20,0.16
527,20,0.08
528,20,0.28
529,20,0.43
530,20,0.03
531,20,0.33
532,20,0.29
533,20,0.28
534,20,0.36
535,20,0.46
536,20,0.77
537,20,0.1
538,20,0.25
539,20,0.53
540,20,0.79
541,20,0.28
542,20,0.57
543,20,0.24
544,20,0.69
545,20,0.52
546,20,0.7
547,20,0.74
548,20,0.14
549,20,0.28
550,20,0.7
551,20,0.66
552,20,0.05
553,20,0.27
554,20,0.79
555,20,0.74
556,20,0.37
557,20,0.39
558,20,0.38
559,20,0.51
560,20,0.35
561,20,0.03
562,20,0.31
563,20,0.38
564,20,0.17
565,20,0.27
566,20,0.42
567,20,0.46
568,20,0.08
569,20,0.72
570,20,0.38
571,20,0.55
572,20,0.05
573,20,0.36
574,20,0.19
575,20,0.12
576,20,0.29
577,20,0.77
578,20,0.03
579,20,0.9
580,20,0.53
581,20,0.09
582,20,0.47
583,20,0.48
584,20,0.81
585,20,0.84
586,20,0.73
587,20,0.47
588,20,0.27
589,20,0.2
590,20,0.75
591,20,0.6
592,20,0.48
593,20,0.47
594,20,0.17
595,20,0.45
596,20,0.44
597,20,0.12
598,20,0.49
599,20,0.12
600,20,0.87
